Date,Ticker,Sector,Open,High,Low,Close,Adj Close,Volume
2022-01-03,BANKFIN,Finance,45.08,45.23,44.85,45.0,45.0,6084946.0
2022-01-04,BANKFIN,Finance,45.27,45.99,44.42,45.14,45.14,9355213.0
2022-01-05,BANKFIN,Finance,44.19,44.79,43.52,44.11,44.11,12839664.0
2022-01-06,BANKFIN,Finance,45.09,45.74,44.1,44.75,44.75,8243090.0
2022-01-07,BANKFIN,Finance,44.13,44.82,43.38,44.07,44.07,9451874.0
2022-01-10,BANKFIN,Finance,42.64,42.84,42.4,42.61,42.61,12491512.0
2022-01-11,BANKFIN,Finance,41.39,42.23,40.75,41.59,41.59,7705186.0
2022-01-12,BANKFIN,Finance,41.72,42.16,41.14,41.58,41.58,7538823.0
2022-01-13,BANKFIN,Finance,41.42,42.38,40.75,41.7,41.7,7202864.0
2022-01-14,BANKFIN,Finance,41.23,41.9,40.23,40.9,40.9,11909902.0
2022-01-17,BANKFIN,Finance,40.45,40.59,40.17,40.31,40.31,11270037.0
2022-01-18,BANKFIN,Finance,40.77,41.12,39.96,40.32,40.32,8466338.0
2022-01-19,BANKFIN,Finance,40.94,41.39,40.43,40.88,40.88,9929331.0
2022-01-20,BANKFIN,Finance,40.36,40.89,39.68,40.21,40.21,10731130.0
2022-01-21,BANKFIN,Finance,40.39,40.73,40.09,40.43,40.43,7504685.0
2022-01-24,BANKFIN,Finance,39.48,39.75,39.21,39.48,39.48,9668755.0
2022-01-25,BANKFIN,Finance,39.5,40.01,39.16,39.67,39.67,8322053.0
2022-01-26,BANKFIN,Finance,39.86,40.52,39.45,40.1,40.1,11044585.0
2022-01-27,BANKFIN,Finance,40.43,41.13,39.7,40.4,40.4,9513719.0
2022-01-28,BANKFIN,Finance,40.97,41.57,40.38,40.97,40.97,9393972.0
2022-01-31,BANKFIN,Finance,41.34,41.91,40.95,41.52,41.52,10474313.0
2022-02-01,BANKFIN,Finance,42.45,42.77,42.29,42.61,42.61,9616524.0
2022-02-02,BANKFIN,Finance,42.69,42.92,42.45,42.68,42.68,8808765.0
2022-02-03,BANKFIN,Finance,43.61,44.24,43.18,43.8,43.8,9869637.0
2022-02-04,BANKFIN,Finance,43.31,43.97,42.59,43.25,43.25,7800417.0
2022-02-07,BANKFIN,Finance,42.96,43.51,42.58,43.14,43.14,8337725.0
2022-02-08,BANKFIN,Finance,43.13,43.6,42.61,43.08,43.08,8542188.0
2022-02-09,BANKFIN,Finance,42.28,43.17,41.59,42.48,42.48,8922062.0
2022-02-10,BANKFIN,Finance,40.93,41.81,40.25,41.12,41.12,11700753.0
2022-02-11,BANKFIN,Finance,41.24,41.89,40.98,41.63,41.63,9960578.0
2022-02-14,BANKFIN,Finance,41.09,41.26,40.94,41.11,41.11,10406509.0
2022-02-15,BANKFIN,Finance,41.14,41.45,40.59,40.9,40.9,10059738.0
2022-02-16,BANKFIN,Finance,42.05,42.62,41.26,41.82,41.82,9148155.0
2022-02-17,BANKFIN,Finance,42.22,42.95,41.44,42.16,42.16,10752929.0
2022-02-18,BANKFIN,Finance,42.86,43.39,42.68,43.21,43.21,11106204.0
2022-02-21,BANKFIN,Finance,43.44,43.59,43.14,43.29,43.29,9096358.0
2022-02-22,BANKFIN,Finance,43.68,44.39,42.93,43.64,43.64,9446243.0
2022-02-23,BANKFIN,Finance,43.44,44.13,42.82,43.51,43.51,6486472.0
2022-02-24,BANKFIN,Finance,43.22,43.99,42.24,43.01,43.01,6565056.0
2022-02-25,BANKFIN,Finance,43.46,43.85,42.97,43.35,43.35,9573921.0
2022-02-28,BANKFIN,Finance,43.44,43.85,42.71,43.11,43.11,8239632.0
2022-03-01,BANKFIN,Finance,43.26,43.75,43.02,43.51,43.51,9613640.0
2022-03-02,BANKFIN,Finance,42.95,43.38,42.74,43.18,43.18,8280860.0
2022-03-03,BANKFIN,Finance,42.88,43.59,42.38,43.08,43.08,6899683.0
2022-03-04,BANKFIN,Finance,42.99,43.4,42.63,43.04,43.04,6663254.0
2022-03-07,BANKFIN,Finance,43.98,44.16,43.52,43.7,43.7,10520977.0
2022-03-08,BANKFIN,Finance,43.35,44.17,42.64,43.46,43.46,7073310.0
2022-03-09,BANKFIN,Finance,44.09,44.46,43.82,44.19,44.19,10624498.0
2022-03-10,BANKFIN,Finance,43.73,44.35,43.03,43.65,43.65,8305013.0
2022-03-11,BANKFIN,Finance,43.98,44.3,43.51,43.83,43.83,9289242.0
2022-03-14,BANKFIN,Finance,43.04,44.09,42.39,43.43,43.43,6743192.0
2022-03-15,BANKFIN,Finance,44.3,44.51,43.91,44.12,44.12,7655733.0
2022-03-16,BANKFIN,Finance,43.52,44.26,42.9,43.63,43.63,9770423.0
2022-03-17,BANKFIN,Finance,43.2,43.41,43.0,43.22,43.22,8940444.0
2022-03-18,BANKFIN,Finance,42.72,43.14,42.07,42.48,42.48,7799882.0
2022-03-21,BANKFIN,Finance,42.52,43.15,41.92,42.56,42.56,9598239.0
2022-03-22,BANKFIN,Finance,42.66,43.16,42.42,42.92,42.92,7349026.0
2022-03-23,BANKFIN,Finance,42.97,43.53,42.65,43.22,43.22,7928552.0
2022-03-24,BANKFIN,Finance,43.14,43.84,42.45,43.15,43.15,6346591.0
2022-03-25,BANKFIN,Finance,42.71,43.46,42.01,42.77,42.77,7966054.0
2022-03-28,BANKFIN,Finance,42.62,42.78,42.46,42.61,42.61,7898159.0
2022-03-29,BANKFIN,Finance,42.42,42.72,42.18,42.49,42.49,6910165.0
2022-03-30,BANKFIN,Finance,42.86,43.06,42.44,42.65,42.65,9249336.0
2022-03-31,BANKFIN,Finance,42.77,43.02,42.53,42.77,42.77,7356258.0
2022-04-01,BANKFIN,Finance,43.52,44.59,42.75,43.83,43.83,11673173.0
2022-04-04,BANKFIN,Finance,44.01,44.5,43.37,43.86,43.86,6289601.0
2022-04-05,BANKFIN,Finance,44.43,44.88,43.65,44.1,44.1,7532273.0
2022-04-06,BANKFIN,Finance,44.18,44.97,43.37,44.15,44.15,5413516.0
2022-04-07,BANKFIN,Finance,44.01,44.51,43.47,43.97,43.97,9257061.0
2022-04-08,BANKFIN,Finance,44.06,44.77,43.49,44.2,44.2,8735234.0
2022-04-11,BANKFIN,Finance,43.91,44.3,43.56,43.95,43.95,9717663.0
2022-04-12,BANKFIN,Finance,44.02,44.4,43.55,43.93,43.93,7389725.0
2022-04-13,BANKFIN,Finance,44.86,45.39,44.12,44.66,44.66,11054489.0
2022-04-14,BANKFIN,Finance,44.45,44.63,44.19,44.37,44.37,8995001.0
2022-04-15,BANKFIN,Finance,44.95,45.25,44.32,44.62,44.62,5739244.0
2022-04-18,BANKFIN,Finance,43.14,43.4,42.87,43.13,43.13,9761057.0
2022-04-19,BANKFIN,Finance,42.84,43.17,42.7,43.03,43.03,7762766.0
2022-04-20,BANKFIN,Finance,42.56,43.22,42.09,42.75,42.75,8863154.0
2022-04-21,BANKFIN,Finance,43.04,43.54,42.34,42.83,42.83,5735072.0
2022-04-22,BANKFIN,Finance,42.88,43.25,42.33,42.71,42.71,8839787.0
2022-04-25,BANKFIN,Finance,42.52,43.1,42.22,42.8,42.8,7993579.0
2022-04-26,BANKFIN,Finance,42.56,43.14,42.01,42.59,42.59,8220435.0
2022-04-27,BANKFIN,Finance,42.8,43.05,42.59,42.83,42.83,7152389.0
2022-04-28,BANKFIN,Finance,41.71,42.29,41.26,41.84,41.84,10799082.0
2022-04-29,BANKFIN,Finance,41.68,42.53,41.08,41.92,41.92,5547848.0
2022-05-02,BANKFIN,Finance,41.26,41.61,41.03,41.39,41.39,6632849.0
2022-05-03,BANKFIN,Finance,41.92,42.68,41.32,42.08,42.08,10699294.0
2022-05-04,BANKFIN,Finance,41.31,42.14,40.71,41.54,41.54,8041090.0
2022-05-05,BANKFIN,Finance,42.27,42.43,41.96,42.13,42.13,8279315.0
2022-05-06,BANKFIN,Finance,42.18,42.32,41.99,42.13,42.13,6229522.0
2022-05-09,BANKFIN,Finance,41.01,41.81,40.29,41.09,41.09,10061537.0
2022-05-10,BANKFIN,Finance,40.27,40.85,40.03,40.61,40.61,6493896.0
2022-05-11,BANKFIN,Finance,41.05,41.73,40.42,41.1,41.1,7823792.0
2022-05-12,BANKFIN,Finance,41.65,42.13,41.09,41.56,41.56,8943770.0
2022-05-13,BANKFIN,Finance,40.71,41.12,40.43,40.83,40.83,9356740.0
2022-05-16,BANKFIN,Finance,41.55,41.95,41.34,41.74,41.74,12984495.0
2022-05-17,BANKFIN,Finance,41.72,42.18,41.28,41.74,41.74,7036024.0
2022-05-18,BANKFIN,Finance,42.32,42.71,41.88,42.27,42.27,8339256.0
2022-05-19,BANKFIN,Finance,41.24,42.14,40.69,41.58,41.58,9434546.0
2022-05-20,BANKFIN,Finance,41.55,42.24,40.64,41.33,41.33,6690081.0
2022-05-23,BANKFIN,Finance,41.37,42.2,40.75,41.58,41.58,10073581.0
2022-05-24,BANKFIN,Finance,41.34,41.7,41.05,41.41,41.41,8338707.0
2022-05-25,BANKFIN,Finance,39.97,40.61,39.14,39.78,39.78,9920201.0
2022-05-26,BANKFIN,Finance,39.71,40.32,39.07,39.69,39.69,9173143.0
2022-05-27,BANKFIN,Finance,38.8,39.46,37.98,38.63,38.63,7652344.0
2022-05-30,BANKFIN,Finance,38.31,38.69,37.7,38.07,38.07,11850566.0
2022-05-31,BANKFIN,Finance,37.13,37.9,36.59,37.35,37.35,11848213.0
2022-06-01,BANKFIN,Finance,38.09,38.54,37.5,37.95,37.95,9774017.0
2022-06-02,BANKFIN,Finance,38.94,39.24,38.44,38.74,38.74,7522805.0
2022-06-03,BANKFIN,Finance,38.87,39.63,38.18,38.93,38.93,6718120.0
2022-06-06,BANKFIN,Finance,38.77,38.96,38.63,38.82,38.82,6821167.0
2022-06-07,BANKFIN,Finance,38.55,39.06,38.34,38.85,38.85,6430149.0
2022-06-08,BANKFIN,Finance,39.59,40.24,38.82,39.47,39.47,9313319.0
2022-06-09,BANKFIN,Finance,38.02,38.56,37.87,38.41,38.41,13490182.0
2022-06-10,BANKFIN,Finance,38.0,38.62,37.24,37.86,37.86,8888721.0
2022-06-13,BANKFIN,Finance,38.18,38.92,37.66,38.4,38.4,10015053.0
2022-06-14,BANKFIN,Finance,39.28,39.42,38.92,39.06,39.06,10520478.0
2022-06-15,BANKFIN,Finance,39.45,39.83,39.02,39.39,39.39,10380829.0
2022-06-16,BANKFIN,Finance,38.99,39.55,38.28,38.84,38.84,6589889.0
2022-06-17,BANKFIN,Finance,39.26,39.85,38.8,39.39,39.39,8584824.0
2022-06-20,BANKFIN,Finance,39.93,40.83,39.25,40.15,40.15,11334356.0
2022-06-21,BANKFIN,Finance,40.28,41.21,39.63,40.56,40.56,10329105.0
2022-06-22,BANKFIN,Finance,39.37,39.68,38.88,39.2,39.2,14416240.0
2022-06-23,BANKFIN,Finance,39.38,39.55,39.11,39.28,39.28,8708292.0
2022-06-24,BANKFIN,Finance,39.72,40.4,38.93,39.61,39.61,7184531.0
2022-06-27,BANKFIN,Finance,39.38,39.81,38.91,39.34,39.34,8339252.0
2022-06-28,BANKFIN,Finance,39.54,39.7,39.29,39.45,39.45,5655001.0
2022-06-29,BANKFIN,Finance,39.14,39.78,38.54,39.18,39.18,9039969.0
2022-06-30,BANKFIN,Finance,38.79,39.41,38.11,38.73,38.73,9146508.0
2022-07-01,BANKFIN,Finance,39.42,40.06,38.93,39.56,39.56,10901438.0
2022-07-04,BANKFIN,Finance,39.64,40.08,39.25,39.69,39.69,9945124.0
2022-07-05,BANKFIN,Finance,39.57,40.09,38.59,39.1,39.1,10284788.0
2022-07-06,BANKFIN,Finance,38.38,38.9,37.85,38.37,38.37,8634470.0
2022-07-07,BANKFIN,Finance,37.63,38.55,37.01,37.93,37.93,7256004.0
2022-07-08,BANKFIN,Finance,37.43,38.14,36.78,37.49,37.49,10731181.0
2022-07-11,BANKFIN,Finance,37.42,37.98,37.02,37.58,37.58,6367777.0
2022-07-12,BANKFIN,Finance,37.87,38.44,37.28,37.84,37.84,6635909.0
2022-07-13,BANKFIN,Finance,37.98,38.78,37.31,38.11,38.11,6859365.0
2022-07-14,BANKFIN,Finance,37.7,37.93,37.5,37.73,37.73,8727469.0
2022-07-15,BANKFIN,Finance,38.11,38.35,37.99,38.22,38.22,6971482.0
2022-07-18,BANKFIN,Finance,38.92,39.55,38.27,38.89,38.89,11965785.0
2022-07-19,BANKFIN,Finance,38.67,38.99,38.44,38.76,38.76,10120954.0
2022-07-20,BANKFIN,Finance,38.28,38.42,38.09,38.22,38.22,11723444.0
2022-07-21,BANKFIN,Finance,38.59,38.8,38.08,38.29,38.29,5589298.0
2022-07-22,BANKFIN,Finance,39.28,39.81,38.94,39.46,39.46,13819324.0
2022-07-25,BANKFIN,Finance,39.01,39.26,38.66,38.9,38.9,11906876.0
2022-07-26,BANKFIN,Finance,38.25,38.92,37.96,38.63,38.63,10538265.0
2022-07-27,BANKFIN,Finance,38.64,39.35,37.96,38.67,38.67,8444100.0
2022-07-28,BANKFIN,Finance,39.01,39.54,38.45,38.98,38.98,9429553.0
2022-07-29,BANKFIN,Finance,37.82,38.45,37.3,37.93,37.93,8238533.0
2022-08-01,BANKFIN,Finance,38.36,38.8,38.19,38.63,38.63,11750002.0
2022-08-02,BANKFIN,Finance,39.34,39.89,38.79,39.34,39.34,7044565.0
2022-08-03,BANKFIN,Finance,39.36,39.92,38.57,39.12,39.12,7274603.0
2022-08-04,BANKFIN,Finance,40.61,41.16,40.08,40.63,40.63,15184610.0
2022-08-05,BANKFIN,Finance,41.43,41.7,41.08,41.34,41.34,9033292.0
2022-08-08,BANKFIN,Finance,42.22,42.62,41.64,42.03,42.03,7314144.0
2022-08-09,BANKFIN,Finance,43.17,43.84,42.07,42.74,42.74,12063511.0
2022-08-10,BANKFIN,Finance,43.27,44.02,42.7,43.45,43.45,12090021.0
2022-08-11,BANKFIN,Finance,43.28,44.06,42.68,43.45,43.45,6120153.0
2022-08-12,BANKFIN,Finance,43.34,43.9,42.83,43.39,43.39,9373562.0
2022-08-15,BANKFIN,Finance,42.94,43.36,42.42,42.84,42.84,8397001.0
2022-08-16,BANKFIN,Finance,42.11,43.12,41.51,42.51,42.51,7809930.0
2022-08-17,BANKFIN,Finance,42.45,42.62,42.17,42.34,42.34,6851170.0
2022-08-18,BANKFIN,Finance,42.42,42.97,41.84,42.39,42.39,5575603.0
2022-08-19,BANKFIN,Finance,43.26,44.13,42.48,43.35,43.35,8645833.0
2022-08-22,BANKFIN,Finance,42.19,42.81,41.5,42.12,42.12,7938756.0
2022-08-23,BANKFIN,Finance,43.08,43.4,42.61,42.93,42.93,12113601.0
2022-08-24,BANKFIN,Finance,42.52,42.82,42.04,42.34,42.34,9978976.0
2022-08-25,BANKFIN,Finance,42.29,42.85,41.74,42.29,42.29,9442474.0
2022-08-26,BANKFIN,Finance,41.94,42.63,41.19,41.88,41.88,9767271.0
2022-08-29,BANKFIN,Finance,43.04,43.54,42.48,42.99,42.99,8126674.0
2022-08-30,BANKFIN,Finance,42.91,43.38,42.24,42.7,42.7,10476782.0
2022-08-31,BANKFIN,Finance,43.09,43.32,42.79,43.02,43.02,10393485.0
2022-09-01,BANKFIN,Finance,43.49,44.09,42.78,43.38,43.38,7691382.0
2022-09-02,BANKFIN,Finance,42.85,43.43,42.12,42.7,42.7,7156747.0
2022-09-05,BANKFIN,Finance,42.99,43.74,41.91,42.66,42.66,8589717.0
2022-09-06,BANKFIN,Finance,43.29,43.71,42.96,43.39,43.39,10732136.0
2022-09-07,BANKFIN,Finance,43.16,43.78,42.26,42.88,42.88,10989837.0
2022-09-08,BANKFIN,Finance,43.82,44.23,42.98,43.39,43.39,6481419.0
2022-09-09,BANKFIN,Finance,43.11,43.69,42.62,43.2,43.2,6296147.0
2022-09-12,BANKFIN,Finance,43.88,44.59,43.21,43.92,43.92,9928925.0
2022-09-13,BANKFIN,Finance,44.93,45.29,44.65,45.01,45.01,11006403.0
2022-09-14,BANKFIN,Finance,43.9,44.26,43.43,43.79,43.79,7697748.0
2022-09-15,BANKFIN,Finance,42.67,43.62,42.05,42.99,42.99,9020961.0
2022-09-16,BANKFIN,Finance,42.66,43.24,42.17,42.75,42.75,8603003.0
2022-09-19,BANKFIN,Finance,43.59,43.83,43.4,43.64,43.64,11244859.0
2022-09-20,BANKFIN,Finance,43.91,44.39,43.49,43.97,43.97,7472869.0
2022-09-21,BANKFIN,Finance,43.17,43.74,42.66,43.23,43.23,9375303.0
2022-09-22,BANKFIN,Finance,43.57,44.38,42.85,43.66,43.66,10252388.0
2022-09-23,BANKFIN,Finance,43.25,43.51,42.87,43.12,43.12,11375454.0
2022-09-26,BANKFIN,Finance,43.75,44.41,43.0,43.66,43.66,7479698.0
2022-09-27,BANKFIN,Finance,44.3,44.52,43.78,44.0,44.0,7163429.0
2022-09-28,BANKFIN,Finance,43.59,43.88,43.17,43.45,43.45,11308713.0
2022-09-29,BANKFIN,Finance,43.24,43.72,42.95,43.43,43.43,7129152.0
2022-09-30,BANKFIN,Finance,44.15,44.9,43.44,44.18,44.18,10710881.0
2022-10-03,BANKFIN,Finance,43.01,43.31,42.75,43.05,43.05,11210002.0
2022-10-04,BANKFIN,Finance,43.29,43.93,42.61,43.25,43.25,7004995.0
2022-10-05,BANKFIN,Finance,42.79,43.21,42.18,42.6,42.6,10099354.0
2022-10-06,BANKFIN,Finance,42.64,43.4,41.84,42.6,42.6,8247454.0
2022-10-07,BANKFIN,Finance,42.92,43.59,42.22,42.89,42.89,8742665.0
2022-10-10,BANKFIN,Finance,44.12,44.74,43.49,44.11,44.11,8112698.0
2022-10-11,BANKFIN,Finance,44.25,44.97,43.4,44.11,44.11,9782641.0
2022-10-12,BANKFIN,Finance,44.93,45.59,44.37,45.03,45.03,9252394.0
2022-10-13,BANKFIN,Finance,44.26,45.22,43.57,44.52,44.52,9556517.0
2022-10-14,BANKFIN,Finance,44.35,44.65,43.93,44.23,44.23,10194643.0
2022-10-17,BANKFIN,Finance,44.67,44.87,44.41,44.61,44.61,8093724.0
2022-10-18,BANKFIN,Finance,44.98,45.53,44.2,44.74,44.74,9180004.0
2022-10-19,BANKFIN,Finance,44.12,44.98,43.7,44.55,44.55,10285486.0
2022-10-20,BANKFIN,Finance,44.33,44.77,43.91,44.35,44.35,7376696.0
2022-10-21,BANKFIN,Finance,45.21,45.7,44.7,45.19,45.19,9089513.0
2022-10-24,BANKFIN,Finance,44.75,45.4,44.37,45.02,45.02,9888688.0
2022-10-25,BANKFIN,Finance,44.39,44.95,43.84,44.4,44.4,7250075.0
2022-10-26,BANKFIN,Finance,44.1,44.25,43.74,43.89,43.89,6344900.0
2022-10-27,BANKFIN,Finance,44.69,45.47,43.54,44.32,44.32,10725834.0
2022-10-28,BANKFIN,Finance,45.92,46.69,44.97,45.74,45.74,13179061.0
2022-10-31,BANKFIN,Finance,45.36,46.19,44.59,45.42,45.42,10684517.0
2022-11-01,BANKFIN,Finance,47.04,47.44,46.41,46.81,46.81,7998776.0
2022-11-02,BANKFIN,Finance,46.99,47.5,46.3,46.81,46.81,5993860.0
2022-11-03,BANKFIN,Finance,46.56,47.46,45.75,46.65,46.65,6059498.0
2022-11-04,BANKFIN,Finance,45.97,46.84,45.21,46.08,46.08,9918421.0
2022-11-07,BANKFIN,Finance,45.93,46.65,45.25,45.96,45.96,8308055.0
2022-11-08,BANKFIN,Finance,45.31,45.91,44.89,45.5,45.5,7957450.0
2022-11-09,BANKFIN,Finance,44.93,45.5,44.42,44.99,44.99,6476412.0
2022-11-10,BANKFIN,Finance,44.07,44.72,43.33,43.98,43.98,10965245.0
2022-11-11,BANKFIN,Finance,45.27,45.59,44.77,45.09,45.09,10733985.0
2022-11-14,BANKFIN,Finance,45.7,46.34,45.13,45.77,45.77,7080996.0
2022-11-15,BANKFIN,Finance,46.21,46.92,45.25,45.96,45.96,9954294.0
2022-11-16,BANKFIN,Finance,46.0,46.62,45.25,45.88,45.88,6330829.0
2022-11-17,BANKFIN,Finance,46.02,46.49,45.42,45.89,45.89,8664526.0
2022-11-18,BANKFIN,Finance,45.24,45.95,44.71,45.41,45.41,10739425.0
2022-11-21,BANKFIN,Finance,45.04,45.84,43.92,44.72,44.72,9733196.0
2022-11-22,BANKFIN,Finance,45.28,45.82,44.63,45.18,45.18,7367108.0
2022-11-23,BANKFIN,Finance,44.97,45.69,44.3,45.03,45.03,7006533.0
2022-11-24,BANKFIN,Finance,45.15,45.87,44.52,45.24,45.24,9947166.0
2022-11-25,BANKFIN,Finance,44.17,44.82,43.57,44.23,44.23,8907391.0
2022-11-28,BANKFIN,Finance,43.87,44.65,43.26,44.05,44.05,9176807.0
2022-11-29,BANKFIN,Finance,43.53,43.96,42.94,43.36,43.36,12062593.0
2022-11-30,BANKFIN,Finance,43.51,44.11,43.07,43.67,43.67,10820457.0
2022-12-01,BANKFIN,Finance,44.34,44.78,43.84,44.29,44.29,9299598.0
2022-12-02,BANKFIN,Finance,45.12,45.36,44.97,45.2,45.2,11757720.0
2022-12-05,BANKFIN,Finance,44.95,45.24,44.53,44.83,44.83,10987232.0
2022-12-06,BANKFIN,Finance,44.29,44.52,43.91,44.14,44.14,8582849.0
2022-12-07,BANKFIN,Finance,43.79,44.62,43.08,43.9,43.9,6946170.0
2022-12-08,BANKFIN,Finance,43.49,43.8,43.18,43.49,43.49,6610267.0
2022-12-09,BANKFIN,Finance,43.51,43.99,43.29,43.77,43.77,6466132.0
2022-12-12,BANKFIN,Finance,43.23,43.44,42.73,42.94,42.94,11780445.0
2022-12-13,BANKFIN,Finance,42.1,42.66,41.35,41.92,41.92,10828841.0
2022-12-14,BANKFIN,Finance,41.5,41.86,41.37,41.73,41.73,9848306.0
2022-12-15,BANKFIN,Finance,42.02,42.59,41.59,42.16,42.16,10211662.0
2022-12-16,BANKFIN,Finance,41.56,41.78,41.36,41.58,41.58,10071924.0
2022-12-19,BANKFIN,Finance,42.09,42.75,41.42,42.09,42.09,9473606.0
2022-12-20,BANKFIN,Finance,42.2,43.05,41.46,42.31,42.31,5933598.0
2022-12-21,BANKFIN,Finance,43.04,43.99,42.3,43.24,43.24,12190815.0
2022-12-22,BANKFIN,Finance,42.84,43.26,42.36,42.78,42.78,8331932.0
2022-12-23,BANKFIN,Finance,42.14,42.67,41.32,41.85,41.85,10404749.0
2022-12-26,BANKFIN,Finance,42.22,42.72,41.7,42.21,42.21,6063432.0
2022-12-27,BANKFIN,Finance,42.34,42.73,41.99,42.38,42.38,10100853.0
2022-12-28,BANKFIN,Finance,42.45,42.93,42.04,42.52,42.52,9790796.0
2022-12-29,BANKFIN,Finance,41.73,42.08,41.57,41.92,41.92,9391126.0
2022-12-30,BANKFIN,Finance,42.27,43.01,41.64,42.38,42.38,9183075.0
2023-01-02,BANKFIN,Finance,42.21,42.49,41.75,42.02,42.02,9542157.0
2023-01-03,BANKFIN,Finance,41.81,42.57,41.39,42.15,42.15,6771483.0
2023-01-04,BANKFIN,Finance,41.91,42.34,41.47,41.9,41.9,6850687.0
2023-01-05,BANKFIN,Finance,42.12,42.6,41.64,42.12,42.12,8970334.0
2023-01-06,BANKFIN,Finance,41.46,42.09,40.81,41.44,41.44,7159568.0
2023-01-09,BANKFIN,Finance,41.86,42.42,41.18,41.74,41.74,8118323.0
2023-01-10,BANKFIN,Finance,42.14,42.69,41.59,42.13,42.13,8556390.0
2023-01-11,BANKFIN,Finance,42.14,42.68,41.68,42.21,42.21,7198374.0
2023-01-12,BANKFIN,Finance,43.09,43.39,42.9,43.2,43.2,8203842.0
2023-01-13,BANKFIN,Finance,43.56,43.96,42.95,43.34,43.34,7207466.0
2023-01-16,BANKFIN,Finance,44.09,44.85,43.14,43.91,43.91,8121203.0
2023-01-17,BANKFIN,Finance,44.48,45.28,43.19,43.98,43.98,7709930.0
2023-01-18,BANKFIN,Finance,44.45,45.12,43.83,44.5,44.5,9788591.0
2023-01-19,BANKFIN,Finance,43.46,43.85,43.19,43.58,43.58,12716343.0
2023-01-20,BANKFIN,Finance,48.11,48.33,47.81,48.02,48.02,14158566.0
2023-01-23,BANKFIN,Finance,47.37,47.81,46.86,47.29,47.29,11355971.0
2023-01-24,BANKFIN,Finance,47.52,48.27,46.65,47.4,47.4,6779842.0
2023-01-25,BANKFIN,Finance,47.83,48.49,47.01,47.67,47.67,8616538.0
2023-01-26,BANKFIN,Finance,48.34,49.12,47.43,48.22,48.22,
2023-01-27,BANKFIN,Finance,48.77,49.37,47.97,48.56,48.56,8617976.0
2023-01-30,BANKFIN,Finance,48.58,48.82,48.11,48.35,48.35,9105488.0
2023-01-31,BANKFIN,Finance,48.1,48.32,47.64,47.86,47.86,8070270.0
2023-02-01,BANKFIN,Finance,45.93,46.52,45.76,46.35,46.35,10010167.0
2023-02-02,BANKFIN,Finance,46.45,46.98,45.87,46.4,46.4,9301587.0
2023-02-03,BANKFIN,Finance,46.98,47.47,46.67,47.16,47.16,7768464.0
2023-02-06,BANKFIN,Finance,47.44,48.11,46.58,47.24,47.24,6253697.0
2023-02-07,BANKFIN,Finance,46.77,47.83,46.15,47.2,47.2,5414944.0
2023-02-08,BANKFIN,Finance,47.59,47.96,46.94,47.31,47.31,6439302.0
2023-02-09,BANKFIN,Finance,46.91,47.33,46.64,47.07,47.07,8199625.0
2023-02-10,BANKFIN,Finance,47.0,47.42,46.79,47.21,47.21,8055511.0
2023-02-13,BANKFIN,Finance,47.03,47.69,46.3,46.96,46.96,6937711.0
2023-02-14,BANKFIN,Finance,46.32,46.85,45.87,46.39,46.39,6628615.0
2023-02-15,BANKFIN,Finance,46.69,47.05,45.99,46.36,46.36,8737003.0
2023-02-16,BANKFIN,Finance,46.56,47.3,45.58,46.31,46.31,8837432.0
2023-02-17,BANKFIN,Finance,47.45,48.11,46.88,47.54,47.54,13593670.0
2023-02-20,BANKFIN,Finance,47.23,47.73,46.52,47.03,47.03,10874197.0
2023-02-21,BANKFIN,Finance,46.84,47.6,46.17,46.94,46.94,9732026.0
2023-02-22,BANKFIN,Finance,46.68,47.5,45.97,46.79,46.79,9317428.0
2023-02-23,BANKFIN,Finance,46.64,47.26,45.89,46.51,46.51,8772457.0
2023-02-24,BANKFIN,Finance,47.13,47.58,46.41,46.86,46.86,6504019.0
2023-02-27,BANKFIN,Finance,48.26,48.77,47.84,48.35,48.35,11827918.0
2023-02-28,BANKFIN,Finance,48.08,48.85,47.38,48.15,48.15,5871680.0
2023-03-01,BANKFIN,Finance,48.57,49.09,47.99,48.51,48.51,10309457.0
2023-03-02,BANKFIN,Finance,47.08,47.89,46.45,47.25,47.25,10420341.0
2023-03-03,BANKFIN,Finance,47.31,48.08,46.24,47.01,47.01,9080545.0
2023-03-06,BANKFIN,Finance,47.88,48.85,47.07,48.05,48.05,7297319.0
2023-03-07,BANKFIN,Finance,47.91,48.37,47.56,48.03,48.03,7742755.0
2023-03-08,BANKFIN,Finance,48.72,49.0,48.1,48.38,48.38,7356591.0
2023-03-09,BANKFIN,Finance,48.02,48.35,47.64,47.98,47.98,7385991.0
2023-03-10,BANKFIN,Finance,48.54,49.23,47.48,48.16,48.16,7443537.0
2023-03-13,BANKFIN,Finance,49.24,49.7,48.82,49.28,49.28,7071552.0
2023-03-14,BANKFIN,Finance,49.0,49.27,48.24,48.51,48.51,9145255.0
2023-03-15,BANKFIN,Finance,50.14,50.36,49.79,50.02,50.02,10852967.0
2023-03-16,BANKFIN,Finance,48.82,49.36,48.44,48.97,48.97,12114924.0
2023-03-17,BANKFIN,Finance,48.51,48.9,48.26,48.66,48.66,8008299.0
2023-03-20,BANKFIN,Finance,47.83,48.37,47.57,48.11,48.11,8095425.0
2023-03-21,BANKFIN,Finance,47.69,48.58,47.05,47.94,47.94,10281631.0
2023-03-22,BANKFIN,Finance,47.27,47.55,47.12,47.4,47.4,9215456.0
2023-03-23,BANKFIN,Finance,46.62,47.03,46.4,46.81,46.81,8810820.0
2023-03-24,BANKFIN,Finance,45.58,46.78,44.87,46.06,46.06,9351502.0
2023-03-27,BANKFIN,Finance,46.64,47.37,45.76,46.48,46.48,10163028.0
2023-03-28,BANKFIN,Finance,46.49,46.86,45.98,46.35,46.35,7121246.0
2023-03-29,BANKFIN,Finance,46.1,46.3,45.84,46.04,46.04,7734577.0
2023-03-30,BANKFIN,Finance,46.02,46.86,45.4,46.23,46.23,9239519.0
2023-03-31,BANKFIN,Finance,45.6,45.98,44.92,45.3,45.3,7337871.0
2023-04-03,BANKFIN,Finance,45.47,45.67,45.31,45.51,45.51,9810630.0
2023-04-04,BANKFIN,Finance,45.31,45.71,45.07,45.46,45.46,7327382.0
2023-04-05,BANKFIN,Finance,45.48,45.71,45.21,45.43,45.43,7970150.0
2023-04-06,BANKFIN,Finance,45.81,46.35,45.23,45.78,45.78,9673124.0
2023-04-07,BANKFIN,Finance,46.38,47.62,45.61,46.85,46.85,8693566.0
2023-04-10,BANKFIN,Finance,47.06,47.77,46.36,47.07,47.07,9963987.0
2023-04-11,BANKFIN,Finance,46.98,47.5,46.43,46.95,46.95,10060974.0
2023-04-12,BANKFIN,Finance,46.13,46.64,45.7,46.2,46.2,9335649.0
2023-04-13,BANKFIN,Finance,44.48,45.26,43.93,44.71,44.71,14271400.0
2023-04-14,BANKFIN,Finance,44.57,45.24,44.14,44.8,44.8,5443407.0
2023-04-17,BANKFIN,Finance,44.13,44.43,43.75,44.04,44.04,11735337.0
2023-04-18,BANKFIN,Finance,42.66,43.22,41.97,42.53,42.53,10239875.0
2023-04-19,BANKFIN,Finance,42.26,43.02,41.58,42.34,42.34,7140833.0
2023-04-20,BANKFIN,Finance,42.56,42.92,42.13,42.49,42.49,6647194.0
2023-04-21,BANKFIN,Finance,42.87,43.62,42.2,42.95,42.95,7769906.0
2023-04-24,BANKFIN,Finance,43.45,44.01,43.03,43.59,43.59,7633597.0
2023-04-25,BANKFIN,Finance,44.18,44.58,43.74,44.14,44.14,11106707.0
2023-04-26,BANKFIN,Finance,44.5,44.86,44.35,44.71,44.71,11121518.0
2023-04-27,BANKFIN,Finance,44.15,44.75,43.23,43.82,43.82,7478551.0
2023-04-28,BANKFIN,Finance,43.49,44.41,42.84,43.74,43.74,6077676.0
2023-05-01,BANKFIN,Finance,44.16,44.73,43.54,44.11,44.11,10313440.0
2023-05-02,BANKFIN,Finance,44.18,44.41,43.92,44.15,44.15,7177954.0
2023-05-03,BANKFIN,Finance,44.08,44.28,43.87,44.07,44.07,6207248.0
2023-05-04,BANKFIN,Finance,44.36,44.88,43.59,44.1,44.1,7661420.0
2023-05-05,BANKFIN,Finance,43.79,44.66,43.39,44.26,44.26,
2023-05-08,BANKFIN,Finance,44.3,44.72,43.81,44.23,44.23,6337002.0
2023-05-09,BANKFIN,Finance,43.68,44.49,42.92,43.73,43.73,10003709.0
2023-05-10,BANKFIN,Finance,42.82,43.41,42.13,42.72,42.72,11002203.0
2023-05-11,BANKFIN,Finance,42.62,43.01,42.22,42.61,42.61,5942111.0
2023-05-12,BANKFIN,Finance,42.65,42.8,42.51,42.66,42.66,9613425.0
2023-05-15,BANKFIN,Finance,42.49,42.85,42.35,42.7,42.7,7909707.0
2023-05-16,BANKFIN,Finance,43.16,43.86,42.59,43.28,43.28,7694488.0
2023-05-17,BANKFIN,Finance,44.53,45.22,43.29,43.98,43.98,7681927.0
2023-05-18,BANKFIN,Finance,44.03,44.63,43.33,43.93,43.93,5989732.0
2023-05-19,BANKFIN,Finance,44.07,44.47,43.48,43.88,43.88,7306479.0
2023-05-22,BANKFIN,Finance,44.18,44.4,44.03,44.25,44.25,6612029.0
2023-05-23,BANKFIN,Finance,44.37,45.3,43.59,44.52,44.52,7818717.0
2023-05-24,BANKFIN,Finance,44.4,45.19,43.47,44.26,44.26,6468665.0
2023-05-25,BANKFIN,Finance,44.34,45.18,43.84,44.68,44.68,9404673.0
2023-05-26,BANKFIN,Finance,44.49,44.79,44.31,44.6,44.6,9053142.0
2023-05-29,BANKFIN,Finance,44.48,45.04,43.98,44.54,44.54,7925503.0
2023-05-30,BANKFIN,Finance,44.99,45.73,44.09,44.82,44.82,9136460.0
2023-05-31,BANKFIN,Finance,44.72,45.31,44.06,44.65,44.65,10070490.0
2023-06-01,BANKFIN,Finance,44.64,45.34,44.02,44.72,44.72,8357532.0
2023-06-02,BANKFIN,Finance,44.99,45.18,44.73,44.92,44.92,7378877.0
2023-06-05,BANKFIN,Finance,45.39,45.65,45.18,45.45,45.45,8573081.0
2023-06-06,BANKFIN,Finance,46.13,46.36,45.71,45.93,45.93,10623460.0
2023-06-07,BANKFIN,Finance,46.16,46.93,45.35,46.12,46.12,6216629.0
2023-06-08,BANKFIN,Finance,44.8,45.29,44.01,44.49,44.49,10441224.0
2023-06-09,BANKFIN,Finance,44.61,45.32,43.94,44.66,44.66,8317704.0
2023-06-12,BANKFIN,Finance,45.14,45.35,44.7,44.92,44.92,9056806.0
2023-06-13,BANKFIN,Finance,45.32,46.09,44.54,45.31,45.31,9850525.0
2023-06-14,BANKFIN,Finance,44.6,45.41,43.92,44.72,44.72,8025160.0
2023-06-15,BANKFIN,Finance,43.89,44.17,43.16,43.44,43.44,8562597.0
2023-06-16,BANKFIN,Finance,44.17,44.88,43.23,43.94,43.94,11232134.0
2023-06-19,BANKFIN,Finance,43.26,43.56,42.91,43.22,43.22,7036595.0
2023-06-20,BANKFIN,Finance,44.1,44.37,43.7,43.97,43.97,7170585.0
2023-06-21,BANKFIN,Finance,43.44,43.93,43.14,43.63,43.63,8384932.0
2023-06-22,BANKFIN,Finance,42.84,43.74,42.13,43.02,43.02,10867802.0
2023-06-23,BANKFIN,Finance,43.44,44.17,42.52,43.25,43.25,9451376.0
2023-06-26,BANKFIN,Finance,43.63,43.98,43.28,43.63,43.63,10769440.0
2023-06-27,BANKFIN,Finance,43.95,44.58,43.36,43.98,43.98,6622623.0
2023-06-28,BANKFIN,Finance,44.25,44.88,43.67,44.3,44.3,7728720.0
2023-06-29,BANKFIN,Finance,43.91,44.57,43.22,43.88,43.88,7488437.0
2023-06-30,BANKFIN,Finance,42.93,43.3,42.61,42.98,42.98,12064392.0
2023-07-03,BANKFIN,Finance,42.41,43.21,41.96,42.76,42.76,8055851.0
2023-07-04,BANKFIN,Finance,42.34,42.89,41.55,42.1,42.1,6666295.0
2023-07-05,BANKFIN,Finance,42.34,42.51,42.2,42.36,42.36,9272665.0
2023-07-06,BANKFIN,Finance,43.21,43.58,42.52,42.89,42.89,8333077.0
2023-07-07,BANKFIN,Finance,42.7,43.59,42.13,43.01,43.01,7985296.0
2023-07-10,BANKFIN,Finance,42.72,43.31,42.43,43.02,43.02,9355159.0
2023-07-11,BANKFIN,Finance,42.8,43.59,42.06,42.85,42.85,6821979.0
2023-07-12,BANKFIN,Finance,43.62,43.77,43.3,43.45,43.45,7676281.0
2023-07-13,BANKFIN,Finance,42.17,43.11,41.43,42.37,42.37,8925438.0
2023-07-14,BANKFIN,Finance,41.47,41.94,41.21,41.68,41.68,8491672.0
2023-07-17,BANKFIN,Finance,42.83,42.99,42.6,42.76,42.76,7944689.0
2023-07-18,BANKFIN,Finance,41.99,42.35,41.68,42.04,42.04,10605135.0
2023-07-19,BANKFIN,Finance,42.45,43.08,41.74,42.36,42.36,6922966.0
2023-07-20,BANKFIN,Finance,42.76,43.42,42.15,42.81,42.81,10945254.0
2023-07-21,BANKFIN,Finance,41.76,42.02,41.44,41.7,41.7,8756572.0
2023-07-24,BANKFIN,Finance,40.94,41.18,40.47,40.72,40.72,8746582.0
2023-07-25,BANKFIN,Finance,41.25,41.97,40.73,41.45,41.45,8370950.0
2023-07-26,BANKFIN,Finance,41.1,41.51,40.5,40.91,40.91,10490199.0
2023-07-27,BANKFIN,Finance,40.11,40.99,39.51,40.39,40.39,8600649.0
2023-07-28,BANKFIN,Finance,40.21,40.34,39.97,40.11,40.11,9913277.0
2023-07-31,BANKFIN,Finance,39.81,40.29,39.1,39.58,39.58,10574067.0
2023-08-01,BANKFIN,Finance,39.8,40.44,39.25,39.89,39.89,10551764.0
2023-08-02,BANKFIN,Finance,39.35,40.05,38.55,39.25,39.25,10809012.0
2023-08-03,BANKFIN,Finance,38.13,38.71,37.63,38.21,38.21,7765601.0
2023-08-04,BANKFIN,Finance,38.93,39.18,38.58,38.83,38.83,11260135.0
2023-08-07,BANKFIN,Finance,37.9,38.42,37.72,38.24,38.24,11730171.0
2023-08-08,BANKFIN,Finance,37.88,38.36,37.38,37.86,37.86,11256882.0
2023-08-09,BANKFIN,Finance,38.37,38.78,37.89,38.31,38.31,6868465.0
2023-08-10,BANKFIN,Finance,38.56,39.2,37.72,38.35,38.35,8200520.0
2023-08-11,BANKFIN,Finance,39.11,39.65,38.42,38.96,38.96,7620613.0
2023-08-14,BANKFIN,Finance,39.41,39.85,38.99,39.43,39.43,7618387.0
2023-08-15,BANKFIN,Finance,39.24,39.6,38.84,39.2,39.2,9423154.0
2023-08-16,BANKFIN,Finance,39.54,40.13,39.18,39.77,39.77,11782181.0
2023-08-17,BANKFIN,Finance,40.14,40.39,39.62,39.87,39.87,8276807.0
2023-08-18,BANKFIN,Finance,39.67,39.79,39.43,39.56,39.56,10217309.0
2023-08-21,BANKFIN,Finance,39.43,40.19,38.97,39.73,39.73,5658527.0
2023-08-22,BANKFIN,Finance,39.06,39.3,38.78,39.02,39.02,6909244.0
2023-08-23,BANKFIN,Finance,39.54,39.78,39.25,39.49,39.49,9381461.0
2023-08-24,BANKFIN,Finance,39.77,40.08,39.57,39.89,39.89,8088656.0
2023-08-25,BANKFIN,Finance,39.98,40.22,39.73,39.97,39.97,9571031.0
2023-08-28,BANKFIN,Finance,38.8,39.07,38.66,38.93,38.93,9291910.0
2023-08-29,BANKFIN,Finance,39.35,40.09,38.83,39.57,39.57,8980271.0
2023-08-30,BANKFIN,Finance,39.73,40.18,39.37,39.82,39.82,8389231.0
2023-08-31,BANKFIN,Finance,39.85,40.31,39.37,39.82,39.82,6510363.0
2023-09-01,BANKFIN,Finance,39.88,40.38,39.24,39.74,39.74,9691809.0
2023-09-04,BANKFIN,Finance,39.46,40.16,38.76,39.45,39.45,8166719.0
2023-09-05,BANKFIN,Finance,39.42,39.58,39.12,39.28,39.28,7675470.0
2023-09-06,BANKFIN,Finance,39.81,40.18,39.34,39.71,39.71,10606518.0
2023-09-07,BANKFIN,Finance,39.27,39.7,39.01,39.44,39.44,7374962.0
2023-09-08,BANKFIN,Finance,39.4,39.8,38.9,39.3,39.3,9441765.0
2023-09-11,BANKFIN,Finance,39.35,40.01,38.58,39.24,39.24,5955440.0
2023-09-12,BANKFIN,Finance,39.47,40.02,38.66,39.2,39.2,6200259.0
2023-09-13,BANKFIN,Finance,38.94,39.44,38.37,38.88,38.88,10764078.0
2023-09-14,BANKFIN,Finance,38.61,39.17,38.23,38.8,38.8,9363537.0
2023-09-15,BANKFIN,Finance,38.91,39.5,38.4,38.99,38.99,7559863.0
2023-09-18,BANKFIN,Finance,38.23,38.65,38.1,38.52,38.52,9667991.0
2023-09-19,BANKFIN,Finance,38.52,38.98,37.99,38.44,38.44,9822830.0
2023-09-20,BANKFIN,Finance,39.76,40.21,39.05,39.5,39.5,8727922.0
2023-09-21,BANKFIN,Finance,39.1,39.8,38.78,39.47,39.47,5588828.0
2023-09-22,BANKFIN,Finance,39.25,39.48,38.75,38.98,38.98,9168652.0
2023-09-25,BANKFIN,Finance,38.51,39.09,37.85,38.43,38.43,7190040.0
2023-09-26,BANKFIN,Finance,37.61,37.92,37.47,37.77,37.77,7717154.0
2023-09-27,BANKFIN,Finance,38.69,38.84,38.49,38.65,38.65,12457932.0
2023-09-28,BANKFIN,Finance,39.04,39.58,38.66,39.2,39.2,6435887.0
2023-09-29,BANKFIN,Finance,38.59,38.85,38.26,38.52,38.52,11351385.0
2023-10-02,BANKFIN,Finance,38.66,39.2,38.1,38.65,38.65,7983223.0
2023-10-03,BANKFIN,Finance,39.37,39.86,38.83,39.32,39.32,9807360.0
2023-10-04,BANKFIN,Finance,39.16,39.88,38.59,39.31,39.31,8343677.0
2023-10-05,BANKFIN,Finance,38.93,39.36,38.63,39.05,39.05,7932851.0
2023-10-06,BANKFIN,Finance,40.38,40.95,39.73,40.3,40.3,8481270.0
2023-10-09,BANKFIN,Finance,39.18,39.88,38.56,39.26,39.26,8016011.0
2023-10-10,BANKFIN,Finance,40.75,41.09,40.4,40.73,40.73,13389547.0
2023-10-11,BANKFIN,Finance,40.85,41.18,40.45,40.78,40.78,6380060.0
2023-10-12,BANKFIN,Finance,41.49,42.21,40.8,41.52,41.52,6861341.0
2023-10-13,BANKFIN,Finance,41.04,41.19,40.7,40.85,40.85,12100433.0
2023-10-16,BANKFIN,Finance,40.43,40.79,40.09,40.46,40.46,11133720.0
2023-10-17,BANKFIN,Finance,39.83,40.06,39.64,39.87,39.87,8531508.0
2023-10-18,BANKFIN,Finance,39.72,39.96,39.59,39.82,39.82,5478620.0
2023-10-19,BANKFIN,Finance,40.17,40.36,39.82,40.0,40.0,9147163.0
2023-10-20,BANKFIN,Finance,40.5,41.0,40.11,40.61,40.61,11059399.0
2023-10-23,BANKFIN,Finance,39.87,40.4,39.14,39.67,39.67,7914884.0
2023-10-24,BANKFIN,Finance,39.8,40.09,39.48,39.77,39.77,6104962.0
2023-10-25,BANKFIN,Finance,40.71,41.35,39.65,40.28,40.28,10693887.0
2023-10-26,BANKFIN,Finance,40.79,41.29,40.4,40.9,40.9,11592347.0
2023-10-27,BANKFIN,Finance,40.87,41.59,39.95,40.66,40.66,9621853.0
2023-10-30,BANKFIN,Finance,40.52,41.22,39.74,40.44,40.44,6705533.0
2023-10-31,BANKFIN,Finance,40.31,40.99,39.72,40.4,40.4,7239069.0
2023-11-01,BANKFIN,Finance,40.6,41.29,39.82,40.51,40.51,8335218.0
2023-11-02,BANKFIN,Finance,41.34,41.9,40.7,41.26,41.26,7635395.0
2023-11-03,BANKFIN,Finance,40.53,41.26,39.87,40.59,40.59,7777330.0
2023-11-06,BANKFIN,Finance,40.23,40.49,39.9,40.16,40.16,7600251.0
2023-11-07,BANKFIN,Finance,39.62,39.95,39.12,39.44,39.44,9659696.0
2023-11-08,BANKFIN,Finance,39.77,40.33,39.12,39.69,39.69,8289925.0
2023-11-09,BANKFIN,Finance,40.24,40.69,39.86,40.31,40.31,11030221.0
2023-11-10,BANKFIN,Finance,39.46,40.15,38.84,39.53,39.53,11227578.0
2023-11-13,BANKFIN,Finance,39.58,40.23,38.94,39.59,39.59,9620847.0
2023-11-14,BANKFIN,Finance,40.35,40.66,39.87,40.17,40.17,10999875.0
2023-11-15,BANKFIN,Finance,40.5,41.25,39.88,40.63,40.63,7492409.0
2023-11-16,BANKFIN,Finance,41.14,41.36,40.86,41.08,41.08,7884324.0
2023-11-17,BANKFIN,Finance,40.16,40.74,39.84,40.42,40.42,9381724.0
2023-11-20,BANKFIN,Finance,40.96,41.4,40.42,40.86,40.86,6212060.0
2023-11-21,BANKFIN,Finance,40.89,41.15,40.51,40.77,40.77,9680615.0
2023-11-22,BANKFIN,Finance,41.73,42.21,40.91,41.39,41.39,6708074.0
2023-11-23,BANKFIN,Finance,41.82,42.3,41.18,41.66,41.66,7388822.0
2023-11-24,BANKFIN,Finance,41.14,41.46,40.89,41.21,41.21,9149541.0
2023-11-27,BANKFIN,Finance,41.12,42.0,40.51,41.38,41.38,8090132.0
2023-11-28,BANKFIN,Finance,41.95,42.47,41.34,41.86,41.86,9662688.0
2023-11-29,BANKFIN,Finance,41.53,41.91,41.21,41.58,41.58,8433399.0
2023-11-30,BANKFIN,Finance,41.72,42.0,41.4,41.67,41.67,6506785.0
2023-12-01,BANKFIN,Finance,40.8,41.58,40.14,40.92,40.92,7889013.0
2023-12-04,BANKFIN,Finance,41.21,41.88,40.57,41.24,41.24,10483820.0
2023-12-05,BANKFIN,Finance,40.94,41.49,40.68,41.22,41.22,6514129.0
2023-12-06,BANKFIN,Finance,41.59,41.91,41.44,41.76,41.76,7809464.0
2023-12-07,BANKFIN,Finance,41.88,42.71,41.24,42.08,42.08,7943628.0
2023-12-08,BANKFIN,Finance,42.0,42.51,41.34,41.85,41.85,6379097.0
2023-12-11,BANKFIN,Finance,41.24,41.56,41.05,41.38,41.38,8872367.0
2023-12-12,BANKFIN,Finance,41.0,41.48,40.29,40.77,40.77,10109705.0
2023-12-13,BANKFIN,Finance,40.37,40.9,39.97,40.5,40.5,9722028.0
2023-12-14,BANKFIN,Finance,41.36,41.96,40.42,41.01,41.01,10084683.0
2023-12-15,BANKFIN,Finance,39.73,40.29,39.48,40.04,40.04,8110183.0
2023-12-18,BANKFIN,Finance,39.55,39.94,39.09,39.48,39.48,8893438.0
2023-12-19,BANKFIN,Finance,39.97,40.19,39.75,39.97,39.97,6440244.0
2023-12-20,BANKFIN,Finance,40.52,41.43,39.82,40.72,40.72,6844266.0
2023-12-21,BANKFIN,Finance,40.09,40.77,39.51,40.18,40.18,8725625.0
2023-12-22,BANKFIN,Finance,39.57,40.17,39.02,39.62,39.62,7795305.0
2023-12-25,BANKFIN,Finance,40.45,40.99,39.87,40.41,40.41,10823511.0
2023-12-26,BANKFIN,Finance,40.2,40.73,39.82,40.35,40.35,8729667.0
2023-12-27,BANKFIN,Finance,39.93,40.61,39.19,39.87,39.87,11024034.0
2023-12-28,BANKFIN,Finance,40.48,40.64,40.29,40.46,40.46,10630459.0
2023-12-29,BANKFIN,Finance,40.88,41.5,40.14,40.76,40.76,6089868.0
2024-01-01,BANKFIN,Finance,41.04,41.44,40.79,41.19,41.19,8044946.0
2024-01-02,BANKFIN,Finance,40.65,41.04,40.33,40.72,40.72,7625399.0
2024-01-03,BANKFIN,Finance,41.18,41.62,40.5,40.94,40.94,7597016.0
2024-01-03,BANKFIN,Finance,41.18,41.62,40.5,40.94,40.94,7597016.0
2024-01-04,BANKFIN,Finance,41.52,42.28,40.91,41.67,41.67,7565178.0
2024-01-05,BANKFIN,Finance,41.82,42.71,41.17,42.05,42.05,6499616.0
2024-01-08,BANKFIN,Finance,42.5,43.11,42.0,42.61,42.61,
2024-01-09,BANKFIN,Finance,43.15,43.85,42.76,43.46,43.46,11033113.0
2024-01-10,BANKFIN,Finance,44.02,44.78,42.98,43.73,43.73,9234207.0
2024-01-11,BANKFIN,Finance,43.35,43.69,43.06,43.4,43.4,8142178.0
2024-01-12,BANKFIN,Finance,43.9,44.61,43.24,43.94,43.94,9053243.0
2024-01-15,BANKFIN,Finance,43.42,43.95,42.76,43.29,43.29,9336010.0
2024-01-16,BANKFIN,Finance,43.04,43.54,42.67,43.17,43.17,8751610.0
2024-01-17,BANKFIN,Finance,43.5,43.67,43.37,43.53,43.53,6184079.0
2024-01-18,BANKFIN,Finance,41.52,42.05,41.12,41.65,41.65,14246114.0
2024-01-19,BANKFIN,Finance,41.51,42.11,41.22,41.81,41.81,8356096.0
2024-01-22,BANKFIN,Finance,42.0,42.19,41.8,41.99,41.99,6581144.0
2024-01-23,BANKFIN,Finance,41.52,41.69,41.18,41.35,41.35,6779012.0
2024-01-24,BANKFIN,Finance,41.56,41.9,41.21,41.55,41.55,6180466.0
2024-01-25,BANKFIN,Finance,41.83,42.34,41.16,41.67,41.67,7982280.0
2024-01-26,BANKFIN,Finance,41.52,42.35,40.88,41.7,41.7,8803630.0
2024-01-29,BANKFIN,Finance,42.28,42.65,42.04,42.41,42.41,8481807.0
2024-01-30,BANKFIN,Finance,42.72,43.35,42.32,42.94,42.94,8288470.0
2024-01-31,BANKFIN,Finance,43.4,43.79,42.95,43.34,43.34,10797839.0
2024-02-01,BANKFIN,Finance,42.69,43.2,42.23,42.74,42.74,7546249.0
2024-02-02,BANKFIN,Finance,42.68,43.39,42.04,42.74,42.74,5748546.0
2024-02-05,BANKFIN,Finance,43.58,44.07,42.97,43.46,43.46,8524279.0
2024-02-06,BANKFIN,Finance,43.27,44.03,42.59,43.35,43.35,8993785.0
2024-02-07,BANKFIN,Finance,44.5,44.98,43.83,44.3,44.3,10731108.0
2024-02-08,BANKFIN,Finance,44.77,45.31,44.19,44.73,44.73,8176635.0
2024-02-09,BANKFIN,Finance,45.75,46.26,45.31,45.82,45.82,13062399.0
2024-02-12,BANKFIN,Finance,44.88,45.85,44.19,45.16,45.16,10479418.0
2024-02-13,BANKFIN,Finance,45.19,45.96,44.32,45.07,45.07,5707613.0
2024-02-14,BANKFIN,Finance,45.1,45.67,44.48,45.05,45.05,8709698.0
2024-02-15,BANKFIN,Finance,45.5,46.2,44.75,45.44,45.44,6082535.0
2024-02-16,BANKFIN,Finance,45.06,45.24,44.82,45.0,45.0,9444570.0
2024-02-19,BANKFIN,Finance,43.92,44.75,43.2,44.02,44.02,8301114.0
2024-02-20,BANKFIN,Finance,44.24,44.52,43.98,44.26,44.26,9121068.0
2024-02-21,BANKFIN,Finance,43.97,44.35,43.67,44.05,44.05,7154295.0
2024-02-22,BANKFIN,Finance,44.0,44.16,43.61,43.78,43.78,10084362.0
2024-02-23,BANKFIN,Finance,43.32,44.13,42.57,43.37,43.37,7750165.0
2024-02-26,BANKFIN,Finance,43.35,44.15,42.67,43.46,43.46,8320021.0
2024-02-27,BANKFIN,Finance,43.06,43.77,42.11,42.83,42.83,8017946.0
2024-02-28,BANKFIN,Finance,42.93,43.61,42.06,42.73,42.73,9759123.0
2024-02-29,BANKFIN,Finance,42.29,42.72,41.82,42.25,42.25,10290494.0
2024-03-01,BANKFIN,Finance,39.61,40.3,38.95,39.63,39.63,12687976.0
2024-03-04,BANKFIN,Finance,39.78,40.54,39.08,39.84,39.84,10308274.0
2024-03-05,BANKFIN,Finance,40.21,40.64,39.78,40.21,40.21,7848423.0
2024-03-06,BANKFIN,Finance,39.92,40.28,39.69,40.06,40.06,8708287.0
2024-03-07,BANKFIN,Finance,40.69,41.21,40.09,40.61,40.61,10396270.0
2024-03-08,BANKFIN,Finance,40.34,41.05,39.37,40.08,40.08,6448056.0
2024-03-11,BANKFIN,Finance,39.34,39.98,38.62,39.25,39.25,12633796.0
2024-03-12,BANKFIN,Finance,38.38,39.16,37.76,38.55,38.55,8715505.0
2024-03-13,BANKFIN,Finance,38.06,38.7,37.34,37.99,37.99,7485354.0
2024-03-14,BANKFIN,Finance,37.34,37.95,36.7,37.31,37.31,11590227.0
2024-03-15,BANKFIN,Finance,38.45,39.02,37.82,38.38,38.38,11990971.0
2024-03-18,BANKFIN,Finance,37.46,38.1,36.94,37.58,37.58,7486170.0
2024-03-19,BANKFIN,Finance,38.08,38.35,37.82,38.08,38.08,6952906.0
2024-03-20,BANKFIN,Finance,38.22,38.69,37.61,38.08,38.08,8513622.0
2024-03-21,BANKFIN,Finance,38.05,38.62,37.64,38.21,38.21,5899261.0
2024-03-22,BANKFIN,Finance,37.68,38.35,37.08,37.75,37.75,11162605.0
2024-03-25,BANKFIN,Finance,37.88,38.32,37.49,37.93,37.93,9247750.0
2024-03-26,BANKFIN,Finance,37.61,37.8,37.28,37.46,37.46,8058382.0
2024-03-27,BANKFIN,Finance,38.13,38.25,37.84,37.96,37.96,8263930.0
2024-03-28,BANKFIN,Finance,38.2,39.01,37.7,38.5,38.5,9167869.0
2024-03-29,BANKFIN,Finance,38.59,39.03,38.01,38.44,38.44,7068769.0
2024-04-01,BANKFIN,Finance,38.6,38.9,38.11,38.41,38.41,8903609.0
2024-04-02,BANKFIN,Finance,38.83,39.04,38.44,38.66,38.66,10592577.0
2024-04-03,BANKFIN,Finance,38.79,39.26,38.4,38.87,38.87,8578731.0
2024-04-04,BANKFIN,Finance,39.4,39.62,39.23,39.44,39.44,8864430.0
2024-04-05,BANKFIN,Finance,39.75,40.32,39.43,40.0,40.0,7600806.0
2024-04-08,BANKFIN,Finance,39.66,40.34,39.32,40.0,40.0,8240574.0
2024-04-09,BANKFIN,Finance,39.69,40.14,39.29,39.75,39.75,9169125.0
2024-04-10,BANKFIN,Finance,40.22,40.62,39.8,40.21,40.21,9813878.0
2024-04-11,BANKFIN,Finance,40.16,40.44,39.86,40.13,40.13,5547411.0
2024-04-12,BANKFIN,Finance,40.34,40.98,39.57,40.21,40.21,9601798.0
2024-04-15,BANKFIN,Finance,41.01,41.35,40.18,40.52,40.52,7580502.0
2024-04-16,BANKFIN,Finance,41.02,41.34,40.75,41.08,41.08,10417101.0
2024-04-17,BANKFIN,Finance,41.07,41.47,40.84,41.24,41.24,9219820.0
2024-04-18,BANKFIN,Finance,41.01,41.33,40.6,40.92,40.92,9184904.0
2024-04-19,BANKFIN,Finance,42.0,42.17,41.8,41.96,41.96,9695069.0
2024-04-22,BANKFIN,Finance,42.78,43.03,42.63,42.88,42.88,10586152.0
2024-04-23,BANKFIN,Finance,42.44,42.95,41.78,42.29,42.29,6593878.0
2024-04-24,BANKFIN,Finance,41.63,42.28,41.12,41.77,41.77,10341898.0
2024-04-25,BANKFIN,Finance,41.31,41.78,40.86,41.33,41.33,6638902.0
2024-04-26,BANKFIN,Finance,41.82,42.44,41.22,41.83,41.83,8338924.0
2024-04-29,BANKFIN,Finance,42.76,43.08,42.61,42.92,42.92,7931182.0
2024-04-30,BANKFIN,Finance,42.34,43.36,41.62,42.63,42.63,9974140.0
2024-05-01,BANKFIN,Finance,42.78,42.97,42.56,42.75,42.75,8069873.0
2024-05-02,BANKFIN,Finance,42.55,43.11,41.76,42.32,42.32,9680473.0
2024-05-03,BANKFIN,Finance,43.51,43.72,43.12,43.34,43.34,11317223.0
2024-05-06,BANKFIN,Finance,44.03,44.74,43.14,43.85,43.85,10667440.0
2024-05-07,BANKFIN,Finance,43.23,43.83,42.77,43.36,43.36,6859492.0
2024-05-08,BANKFIN,Finance,42.17,42.35,41.95,42.13,42.13,11880083.0
2024-05-09,BANKFIN,Finance,42.51,43.28,41.99,42.76,42.76,9595710.0
2024-05-10,BANKFIN,Finance,42.46,42.59,42.3,42.43,42.43,6036238.0
2024-05-13,BANKFIN,Finance,43.18,43.81,42.31,42.94,42.94,7289695.0
2024-05-14,BANKFIN,Finance,43.37,43.93,42.58,43.13,43.13,6908138.0
2024-05-15,BANKFIN,Finance,42.4,42.66,41.8,42.06,42.06,7740023.0
2024-05-16,BANKFIN,Finance,41.77,42.13,41.25,41.6,41.6,8006548.0
2024-05-17,BANKFIN,Finance,41.49,41.62,41.28,41.41,41.41,5771137.0
2024-05-20,BANKFIN,Finance,41.18,41.74,40.49,41.04,41.04,8837160.0
2024-05-21,BANKFIN,Finance,41.23,41.55,40.8,41.12,41.12,6408865.0
2024-05-22,BANKFIN,Finance,41.23,41.84,40.75,41.36,41.36,7148103.0
2024-05-23,BANKFIN,Finance,42.15,43.15,41.42,42.41,42.41,12881736.0
2024-05-24,BANKFIN,Finance,42.85,43.17,42.38,42.7,42.7,8319749.0
2024-05-27,BANKFIN,Finance,43.97,44.76,42.83,43.61,43.61,8510363.0
2024-05-28,BANKFIN,Finance,43.49,44.04,42.79,43.33,43.33,8737200.0
2024-05-29,BANKFIN,Finance,43.72,44.34,43.43,44.05,44.05,7699863.0
2024-05-30,BANKFIN,Finance,43.74,44.25,43.32,43.83,43.83,6030973.0
2024-05-31,BANKFIN,Finance,43.26,43.9,42.65,43.29,43.29,6374276.0
2024-06-03,BANKFIN,Finance,42.42,43.15,42.0,42.73,42.73,11454577.0
2024-06-04,BANKFIN,Finance,40.98,41.38,40.82,41.21,41.21,13292997.0
2024-06-05,BANKFIN,Finance,41.71,41.94,41.48,41.71,41.71,10499590.0
2024-06-06,BANKFIN,Finance,41.03,41.64,40.38,40.99,40.99,12291678.0
2024-06-07,BANKFIN,Finance,41.64,42.34,41.11,41.81,41.81,12277897.0
2024-06-10,BANKFIN,Finance,41.48,42.2,41.0,41.72,41.72,8878900.0
2024-06-11,BANKFIN,Finance,41.04,41.26,40.62,40.84,40.84,11121315.0
2024-06-12,BANKFIN,Finance,40.16,40.85,39.54,40.22,40.22,8357645.0
2024-06-13,BANKFIN,Finance,40.3,41.05,39.6,40.34,40.34,5997746.0
2024-06-14,BANKFIN,Finance,39.23,39.46,39.09,39.32,39.32,10946849.0
2024-06-17,BANKFIN,Finance,39.53,39.82,39.37,39.65,39.65,8877085.0
2024-06-18,BANKFIN,Finance,39.04,39.68,38.21,38.84,38.84,12586545.0
2024-06-19,BANKFIN,Finance,38.32,39.04,37.74,38.46,38.46,8365267.0
2024-06-20,BANKFIN,Finance,38.6,39.07,38.1,38.57,38.57,8781524.0
2024-06-21,BANKFIN,Finance,38.84,39.5,38.17,38.84,38.84,8671840.0
2024-06-24,BANKFIN,Finance,38.97,39.78,38.48,39.28,39.28,7102113.0
2024-06-25,BANKFIN,Finance,38.62,38.86,38.35,38.59,38.59,10093587.0
2024-06-26,BANKFIN,Finance,38.2,38.97,37.66,38.43,38.43,8176947.0
2024-06-27,BANKFIN,Finance,39.13,39.63,38.54,39.03,39.03,9233402.0
2024-06-28,BANKFIN,Finance,38.69,39.57,38.0,38.88,38.88,8048679.0
2024-07-01,BANKFIN,Finance,39.13,39.37,38.8,39.05,39.05,6409946.0
2024-07-02,BANKFIN,Finance,39.08,39.62,38.61,39.15,39.15,7651356.0
2024-07-03,BANKFIN,Finance,39.76,40.46,39.18,39.87,39.87,10195792.0
2024-07-04,BANKFIN,Finance,39.66,39.98,39.31,39.63,39.63,8180516.0
2024-07-05,BANKFIN,Finance,38.65,39.22,38.32,38.88,38.88,9632443.0
2024-07-08,BANKFIN,Finance,38.37,39.0,37.74,38.38,38.38,6738364.0
2024-07-09,BANKFIN,Finance,38.61,38.96,38.14,38.49,38.49,6404969.0
2024-07-10,BANKFIN,Finance,37.83,38.3,37.21,37.67,37.67,8912731.0
2024-07-11,BANKFIN,Finance,37.33,38.01,36.72,37.4,37.4,7952041.0
2024-07-12,BANKFIN,Finance,37.4,37.68,37.17,37.45,37.45,8119983.0
2024-07-15,BANKFIN,Finance,36.84,37.72,36.19,37.06,37.06,10605792.0
2024-07-16,BANKFIN,Finance,37.13,37.75,36.63,37.24,37.24,6427118.0
2024-07-17,BANKFIN,Finance,37.4,38.02,37.01,37.63,37.63,6166884.0
2024-07-18,BANKFIN,Finance,37.95,38.31,37.52,37.88,37.88,8026635.0
2024-07-19,BANKFIN,Finance,37.21,37.86,36.45,37.09,37.09,9544712.0
2024-07-22,BANKFIN,Finance,37.07,37.37,36.85,37.14,37.14,7932184.0
2024-07-23,BANKFIN,Finance,37.07,37.52,36.79,37.23,37.23,9377444.0
2024-07-24,BANKFIN,Finance,37.09,37.38,36.77,37.05,37.05,9568037.0
2024-07-25,BANKFIN,Finance,37.09,37.49,36.82,37.22,37.22,6124475.0
2024-07-26,BANKFIN,Finance,37.48,37.85,37.0,37.37,37.37,10086054.0
2024-07-29,BANKFIN,Finance,37.63,38.3,36.67,37.34,37.34,5856527.0
2024-07-30,BANKFIN,Finance,36.7,37.44,36.1,36.83,36.83,9817746.0
2024-07-31,BANKFIN,Finance,36.72,37.12,36.43,36.83,36.83,8322637.0
2024-08-01,BANKFIN,Finance,37.59,38.16,37.24,37.81,37.81,11582873.0
2024-08-02,BANKFIN,Finance,37.64,38.13,37.12,37.61,37.61,6973952.0
2024-08-05,BANKFIN,Finance,38.19,38.31,38.05,38.18,38.18,8260621.0
2024-08-06,BANKFIN,Finance,38.17,38.79,37.58,38.21,38.21,7852367.0
2024-08-07,BANKFIN,Finance,37.8,38.41,37.19,37.8,37.8,7182288.0
2024-08-08,BANKFIN,Finance,37.5,38.25,36.9,37.65,37.65,5673354.0
2024-08-09,BANKFIN,Finance,37.41,37.98,37.08,37.66,37.66,7823518.0
2024-08-12,BANKFIN,Finance,37.9,38.39,37.52,38.01,38.01,8411074.0
2024-08-13,BANKFIN,Finance,39.0,39.42,38.87,39.3,39.3,12291210.0
2024-08-14,BANKFIN,Finance,39.2,39.69,38.85,39.34,39.34,6031724.0
2024-08-15,BANKFIN,Finance,38.73,39.12,38.3,38.69,38.69,11376542.0
2024-08-16,BANKFIN,Finance,37.83,38.46,37.19,37.82,37.82,7973024.0
2024-08-19,BANKFIN,Finance,37.34,38.23,36.73,37.61,37.61,10079864.0
2024-08-20,BANKFIN,Finance,37.19,37.84,36.39,37.04,37.04,8999928.0
2024-08-21,BANKFIN,Finance,37.31,37.95,36.7,37.34,37.34,8691121.0
2024-08-22,BANKFIN,Finance,37.45,37.76,37.33,37.64,37.64,10461111.0
2024-08-23,BANKFIN,Finance,37.52,38.05,37.05,37.58,37.58,6801588.0
2024-08-26,BANKFIN,Finance,37.84,38.09,37.69,37.93,37.93,6952890.0
2024-08-27,BANKFIN,Finance,37.85,38.25,37.58,37.98,37.98,7420415.0
2024-08-28,BANKFIN,Finance,39.11,39.57,38.53,38.99,38.99,8851865.0
2024-08-29,BANKFIN,Finance,39.16,39.87,38.63,39.34,39.34,8687641.0
2024-08-30,BANKFIN,Finance,39.87,40.38,39.33,39.84,39.84,7753901.0
2024-09-02,BANKFIN,Finance,38.85,39.21,38.71,39.06,39.06,11932457.0
2024-09-03,BANKFIN,Finance,38.44,38.62,38.26,38.44,38.44,9951743.0
2024-09-04,BANKFIN,Finance,38.75,38.94,38.52,38.71,38.71,5822413.0
2024-09-05,BANKFIN,Finance,37.94,38.11,37.73,37.9,37.9,11777003.0
2024-09-06,BANKFIN,Finance,37.6,37.81,37.37,37.58,37.58,7618642.0
2024-09-09,BANKFIN,Finance,38.18,38.73,37.67,38.22,38.22,8386403.0
2024-09-10,BANKFIN,Finance,37.73,38.47,37.14,37.89,37.89,7919038.0
2024-09-11,BANKFIN,Finance,37.11,37.61,36.77,37.27,37.27,10146494.0
2024-09-12,BANKFIN,Finance,37.67,38.18,37.12,37.63,37.63,8309878.0
2024-09-13,BANKFIN,Finance,38.54,38.97,38.31,38.73,38.73,11600535.0
2024-09-16,BANKFIN,Finance,38.09,38.99,37.42,38.31,38.31,6914565.0
2024-09-17,BANKFIN,Finance,39.2,39.53,38.66,38.98,38.98,12140431.0
2024-09-18,BANKFIN,Finance,38.45,39.1,37.85,38.49,38.49,10207368.0
2024-09-18,BANKFIN,Finance,38.45,39.1,37.85,38.49,38.49,10207368.0
2024-09-19,BANKFIN,Finance,38.54,39.2,37.78,38.44,38.44,6526382.0
2024-09-20,BANKFIN,Finance,38.55,39.17,37.8,38.42,38.42,8632462.0
2024-09-23,BANKFIN,Finance,38.02,38.18,37.86,38.02,38.02,9124921.0
2024-09-24,BANKFIN,Finance,38.43,38.98,37.94,38.49,38.49,6836928.0
2024-09-25,BANKFIN,Finance,37.64,37.87,37.46,37.69,37.69,8018833.0
2024-09-26,BANKFIN,Finance,38.05,38.16,37.69,37.8,37.8,5706748.0
2024-09-27,BANKFIN,Finance,38.3,38.53,38.15,38.38,38.38,10952322.0
2024-09-30,BANKFIN,Finance,38.84,39.5,38.17,38.82,38.82,9075409.0
2024-10-01,BANKFIN,Finance,39.2,39.85,38.44,39.09,39.09,7418798.0
2024-10-02,BANKFIN,Finance,40.01,40.27,39.72,39.97,39.97,7776674.0
2024-10-03,BANKFIN,Finance,40.04,40.49,39.42,39.87,39.87,7770043.0
2024-10-04,BANKFIN,Finance,38.98,39.72,38.31,39.04,39.04,10063883.0
2024-10-07,BANKFIN,Finance,39.23,39.64,38.72,39.13,39.13,8722949.0
2024-10-08,BANKFIN,Finance,38.79,39.42,38.45,39.07,39.07,9868322.0
2024-10-09,BANKFIN,Finance,38.16,38.55,37.57,37.95,37.95,10438832.0
2024-10-10,BANKFIN,Finance,37.55,38.1,36.82,37.38,37.38,8753283.0
2024-10-11,BANKFIN,Finance,36.7,37.12,36.33,36.75,36.75,8739495.0
2024-10-14,BANKFIN,Finance,36.41,36.95,35.81,36.34,36.34,10506291.0
2024-10-15,BANKFIN,Finance,36.31,36.65,35.84,36.18,36.18,6391564.0
2024-10-16,BANKFIN,Finance,35.88,36.28,35.64,36.03,36.03,7242785.0
2024-10-17,BANKFIN,Finance,35.64,35.94,35.36,35.66,35.66,9904793.0
2024-10-18,BANKFIN,Finance,34.87,35.2,34.73,35.05,35.05,6726243.0
2024-10-21,BANKFIN,Finance,35.41,35.78,34.88,35.25,35.25,7127235.0
2024-10-22,BANKFIN,Finance,35.43,35.62,35.13,35.32,35.32,8408919.0
2024-10-23,BANKFIN,Finance,35.36,35.94,34.82,35.4,35.4,6328748.0
2024-10-24,BANKFIN,Finance,36.23,36.63,35.9,36.29,36.29,9098662.0
2024-10-25,BANKFIN,Finance,36.36,36.91,35.84,36.39,36.39,7757954.0
2024-10-28,BANKFIN,Finance,36.08,36.84,35.46,36.21,36.21,7698463.0
2024-10-29,BANKFIN,Finance,36.14,36.74,35.58,36.17,36.17,5854285.0
2024-10-30,BANKFIN,Finance,36.08,36.86,35.46,36.23,36.23,9754125.0
2024-10-31,BANKFIN,Finance,36.68,37.11,36.13,36.55,36.55,6196853.0
2024-11-01,BANKFIN,Finance,36.71,36.91,36.34,36.54,36.54,8705224.0
2024-11-04,BANKFIN,Finance,35.71,36.32,34.97,35.58,35.58,7862646.0
2024-11-05,BANKFIN,Finance,35.21,35.94,34.64,35.38,35.38,8026041.0
2024-11-06,BANKFIN,Finance,35.36,35.95,34.79,35.39,35.39,6096562.0
2024-11-07,BANKFIN,Finance,36.13,36.61,35.56,36.04,36.04,7526877.0
2024-11-08,BANKFIN,Finance,35.77,36.22,35.22,35.66,35.66,6776696.0
2024-11-11,BANKFIN,Finance,34.62,34.99,34.51,34.88,34.88,9804692.0
2024-11-12,BANKFIN,Finance,35.02,35.52,34.42,34.92,34.92,7740727.0
2024-11-13,BANKFIN,Finance,35.17,35.5,35.02,35.35,35.35,6955532.0
2024-11-14,BANKFIN,Finance,35.15,35.41,34.9,35.17,35.17,10453623.0
2024-11-15,BANKFIN,Finance,36.54,36.95,35.95,36.36,36.36,9605743.0
2024-11-18,BANKFIN,Finance,37.64,38.01,37.1,37.47,37.47,10613095.0
2024-11-19,BANKFIN,Finance,37.64,37.76,37.32,37.44,37.44,6318027.0
2024-11-20,BANKFIN,Finance,37.39,38.13,36.82,37.55,37.55,7832034.0
2024-11-21,BANKFIN,Finance,38.16,38.9,37.54,38.28,38.28,11180487.0
2024-11-22,BANKFIN,Finance,38.16,38.75,37.65,38.25,38.25,7738234.0
2024-11-25,BANKFIN,Finance,37.81,38.25,37.39,37.83,37.83,7639341.0
2024-11-26,BANKFIN,Finance,38.35,39.01,37.65,38.31,38.31,7600677.0
2024-11-27,BANKFIN,Finance,38.77,38.96,38.39,38.57,38.57,9582071.0
2024-11-28,BANKFIN,Finance,38.01,38.69,37.48,38.15,38.15,6762717.0
2024-11-29,BANKFIN,Finance,38.22,38.5,38.03,38.31,38.31,7380444.0
2024-12-02,BANKFIN,Finance,38.46,38.79,37.91,38.24,38.24,6130690.0
2024-12-03,BANKFIN,Finance,37.87,38.5,37.43,38.05,38.05,6928329.0
2024-12-04,BANKFIN,Finance,37.76,38.29,37.12,37.65,37.65,6917056.0
2024-12-05,BANKFIN,Finance,37.71,37.84,37.59,37.72,37.72,9559149.0
2024-12-06,BANKFIN,Finance,37.65,37.91,37.34,37.6,37.6,9019490.0
2024-12-09,BANKFIN,Finance,37.63,38.17,37.22,37.76,37.76,8306589.0
2024-12-10,BANKFIN,Finance,38.31,38.73,37.78,38.2,38.2,7382681.0
2024-12-11,BANKFIN,Finance,38.23,38.81,37.75,38.33,38.33,7979391.0
2024-12-12,BANKFIN,Finance,38.26,38.77,37.97,38.48,38.48,8056910.0
2024-12-13,BANKFIN,Finance,38.27,38.7,37.78,38.2,38.2,8804311.0
2024-12-16,BANKFIN,Finance,38.45,39.07,38.23,38.84,38.84,6913502.0
2024-12-17,BANKFIN,Finance,38.31,38.62,38.09,38.4,38.4,11344731.0
2024-12-18,BANKFIN,Finance,37.6,38.04,37.12,37.56,37.56,9844801.0
2024-12-19,BANKFIN,Finance,37.13,37.62,36.53,37.02,37.02,11542192.0
2024-12-20,BANKFIN,Finance,37.75,37.93,37.38,37.56,37.56,6477666.0
2024-12-23,BANKFIN,Finance,38.08,38.27,37.63,37.81,37.81,7030109.0
2024-12-24,BANKFIN,Finance,38.75,39.19,38.08,38.52,38.52,7322409.0
2024-12-25,BANKFIN,Finance,37.86,38.13,37.56,37.83,37.83,11143159.0
2024-12-26,BANKFIN,Finance,39.25,39.6,38.73,39.08,39.08,9941314.0
2024-12-27,BANKFIN,Finance,38.96,39.32,38.59,38.94,38.94,9569103.0
2024-12-30,BANKFIN,Finance,38.11,38.33,37.79,38.01,38.01,12343420.0
2024-12-31,BANKFIN,Finance,39.1,39.31,38.98,39.2,39.2,12058124.0
2022-01-03,ENERGYCO,Energy,59.52,60.48,59.04,60.0,60.0,1975691.0
2022-01-04,ENERGYCO,Energy,60.72,61.58,59.79,60.64,60.64,2578786.0
2022-01-05,ENERGYCO,Energy,60.1,60.67,59.64,60.21,60.21,2617524.0
2022-01-06,ENERGYCO,Energy,62.16,63.36,61.2,62.39,62.39,4216955.0
2022-01-07,ENERGYCO,Energy,61.54,62.28,60.81,61.55,61.55,2946370.0
2022-01-10,ENERGYCO,Energy,61.29,62.23,60.38,61.32,61.32,2465167.0
2022-01-11,ENERGYCO,Energy,62.63,63.75,61.25,62.36,62.36,2421754.0
2022-01-12,ENERGYCO,Energy,62.49,63.31,61.64,62.46,62.46,1586104.0
2022-01-13,ENERGYCO,Energy,60.41,61.66,59.34,60.58,60.58,2747572.0
2022-01-14,ENERGYCO,Energy,60.91,61.12,60.62,60.83,60.83,2643275.0
2022-01-17,ENERGYCO,Energy,60.21,60.76,59.73,60.27,60.27,2012529.0
2022-01-18,ENERGYCO,Energy,61.14,61.7,60.86,61.42,61.42,3099352.0
2022-01-19,ENERGYCO,Energy,61.56,62.05,61.13,61.62,61.62,2361402.0
2022-01-20,ENERGYCO,Energy,61.8,62.77,60.78,61.75,61.75,1777577.0
2022-01-21,ENERGYCO,Energy,60.35,60.56,60.12,60.33,60.33,2487321.0
2022-01-24,ENERGYCO,Energy,60.1,60.75,59.38,60.02,60.02,2307849.0
2022-01-25,ENERGYCO,Energy,61.19,62.02,60.49,61.32,61.32,2689562.0
2022-01-26,ENERGYCO,Energy,60.35,61.04,59.59,60.28,60.28,3157710.0
2022-01-27,ENERGYCO,Energy,60.26,60.87,59.62,60.23,60.23,2477819.0
2022-01-28,ENERGYCO,Energy,59.03,59.9,58.12,59.0,59.0,2947506.0
2022-01-31,ENERGYCO,Energy,57.48,57.77,57.19,57.47,57.47,3581476.0
2022-02-01,ENERGYCO,Energy,57.86,58.31,56.92,57.36,57.36,2292586.0
2022-02-02,ENERGYCO,Energy,57.84,58.54,56.88,57.58,57.58,2901877.0
2022-02-03,ENERGYCO,Energy,60.24,61.04,59.36,60.17,60.17,2932667.0
2022-02-04,ENERGYCO,Energy,59.37,60.1,58.83,59.56,59.56,2792226.0
2022-02-07,ENERGYCO,Energy,59.42,60.45,58.47,59.49,59.49,2014337.0
2022-02-08,ENERGYCO,Energy,58.25,58.79,57.34,57.87,57.87,2645059.0
2022-02-09,ENERGYCO,Energy,58.53,59.19,58.0,58.66,58.66,2083836.0
2022-02-10,ENERGYCO,Energy,59.13,59.38,58.92,59.17,59.17,2504316.0
2022-02-11,ENERGYCO,Energy,61.09,61.83,60.4,61.14,61.14,2642409.0
2022-02-14,ENERGYCO,Energy,62.75,63.61,61.8,62.66,62.66,2400192.0
2022-02-15,ENERGYCO,Energy,63.03,63.44,62.73,63.14,63.14,3099822.0
2022-02-16,ENERGYCO,Energy,62.53,63.01,62.01,62.49,62.49,2934683.0
2022-02-17,ENERGYCO,Energy,62.66,63.69,61.74,62.77,62.77,2632682.0
2022-02-18,ENERGYCO,Energy,62.94,63.48,62.08,62.61,62.61,2621245.0
2022-02-21,ENERGYCO,Energy,63.76,64.36,63.34,63.94,63.94,3608870.0
2022-02-22,ENERGYCO,Energy,65.37,66.22,64.26,65.11,65.11,2847810.0
2022-02-23,ENERGYCO,Energy,64.53,65.07,64.15,64.68,64.68,1964208.0
2022-02-24,ENERGYCO,Energy,62.42,63.66,61.39,62.63,62.63,3901023.0
2022-02-25,ENERGYCO,Energy,64.31,64.79,64.02,64.5,64.5,3528165.0
2022-02-28,ENERGYCO,Energy,64.88,66.21,64.0,65.33,65.33,2425508.0
2022-03-01,ENERGYCO,Energy,64.98,65.66,64.18,64.86,64.86,2339221.0
2022-03-02,ENERGYCO,Energy,65.34,66.7,64.29,65.64,65.64,2394915.0
2022-03-03,ENERGYCO,Energy,65.65,66.07,65.33,65.75,65.75,2766802.0
2022-03-04,ENERGYCO,Energy,67.89,68.78,66.79,67.68,67.68,2781296.0
2022-03-07,ENERGYCO,Energy,65.05,65.8,64.11,64.86,64.86,4536617.0
2022-03-08,ENERGYCO,Energy,63.93,64.95,63.27,64.29,64.29,3031348.0
2022-03-09,ENERGYCO,Energy,66.68,67.37,65.91,66.6,66.6,3517841.0
2022-03-10,ENERGYCO,Energy,67.73,68.67,66.49,67.43,67.43,2665710.0
2022-03-11,ENERGYCO,Energy,69.93,71.31,68.74,70.11,70.11,3117591.0
2022-03-14,ENERGYCO,Energy,68.38,68.68,67.95,68.24,68.24,2153521.0
2022-03-15,ENERGYCO,Energy,69.55,70.1,69.33,69.87,69.87,2251267.0
2022-03-16,ENERGYCO,Energy,71.56,72.64,70.37,71.45,71.45,3293197.0
2022-03-17,ENERGYCO,Energy,68.88,69.2,68.53,68.84,68.84,3308691.0
2022-03-18,ENERGYCO,Energy,68.57,69.8,67.18,68.39,68.39,1863981.0
2022-03-21,ENERGYCO,Energy,68.39,69.23,67.39,68.23,68.23,1909828.0
2022-03-22,ENERGYCO,Energy,65.48,66.67,64.64,65.83,65.83,4212564.0
2022-03-23,ENERGYCO,Energy,65.47,65.86,65.04,65.43,65.43,2157890.0
2022-03-24,ENERGYCO,Energy,67.09,67.53,66.26,66.7,66.7,3435878.0
2022-03-25,ENERGYCO,Energy,65.55,66.98,64.7,66.13,66.13,2143441.0
2022-03-28,ENERGYCO,Energy,66.74,67.85,65.37,66.48,66.48,2377936.0
2022-03-29,ENERGYCO,Energy,67.27,68.46,65.66,66.84,66.84,1654600.0
2022-03-30,ENERGYCO,Energy,66.42,67.22,66.03,66.82,66.82,2186119.0
2022-03-31,ENERGYCO,Energy,65.61,66.12,65.28,65.79,65.79,2872061.0
2022-04-01,ENERGYCO,Energy,66.88,67.14,66.49,66.75,66.75,2194666.0
2022-04-04,ENERGYCO,Energy,64.22,65.48,63.19,64.45,64.45,3452567.0
2022-04-05,ENERGYCO,Energy,64.81,65.29,63.98,64.46,64.46,2342452.0
2022-04-06,ENERGYCO,Energy,66.74,66.94,66.25,66.45,66.45,3464917.0
2022-04-07,ENERGYCO,Energy,65.43,66.22,65.02,65.8,65.8,2877910.0
2022-04-08,ENERGYCO,Energy,64.56,65.27,64.03,64.75,64.75,2367740.0
2022-04-11,ENERGYCO,Energy,65.99,67.17,64.62,65.79,65.79,2765621.0
2022-04-12,ENERGYCO,Energy,66.22,66.94,65.31,66.03,66.03,2915825.0
2022-04-13,ENERGYCO,Energy,67.71,68.12,66.71,67.12,67.12,3309659.0
2022-04-14,ENERGYCO,Energy,66.93,67.71,66.4,67.17,67.17,2763985.0
2022-04-15,ENERGYCO,Energy,64.09,64.6,63.22,63.72,63.72,3625268.0
2022-04-18,ENERGYCO,Energy,65.16,65.61,64.94,65.4,65.4,3485539.0
2022-04-19,ENERGYCO,Energy,68.59,68.93,68.11,68.45,68.45,3841444.0
2022-04-20,ENERGYCO,Energy,70.66,71.61,69.47,70.41,70.41,2283102.0
2022-04-21,ENERGYCO,Energy,64.34,65.44,64.04,65.12,65.12,5689573.0
2022-04-22,ENERGYCO,Energy,66.01,66.44,65.35,65.77,65.77,2727073.0
2022-04-25,ENERGYCO,Energy,65.46,66.0,64.56,65.1,65.1,2033976.0
2022-04-26,ENERGYCO,Energy,63.83,64.75,62.64,63.56,63.56,2190147.0
2022-04-27,ENERGYCO,Energy,64.25,65.0,62.98,63.72,63.72,2684971.0
2022-04-28,ENERGYCO,Energy,63.76,64.61,62.67,63.51,63.51,1685363.0
2022-04-29,ENERGYCO,Energy,64.09,64.97,63.35,64.23,64.23,1891250.0
2022-05-02,ENERGYCO,Energy,64.62,65.48,63.45,64.3,64.3,2091228.0
2022-05-03,ENERGYCO,Energy,62.58,62.92,62.39,62.73,62.73,
2022-05-04,ENERGYCO,Energy,61.96,63.01,60.89,61.94,61.94,3197096.0
2022-05-05,ENERGYCO,Energy,61.14,61.42,60.65,60.93,60.93,2629909.0
2022-05-06,ENERGYCO,Energy,58.77,59.31,58.13,58.67,58.67,3532529.0
2022-05-09,ENERGYCO,Energy,57.23,58.06,56.09,56.92,56.92,3944503.0
2022-05-10,ENERGYCO,Energy,57.22,57.76,56.11,56.65,56.65,2341201.0
2022-05-11,ENERGYCO,Energy,58.19,59.46,57.19,58.46,58.46,2865915.0
2022-05-12,ENERGYCO,Energy,57.69,58.34,57.11,57.77,57.77,2983257.0
2022-05-13,ENERGYCO,Energy,56.88,57.8,55.89,56.81,56.81,2599414.0
2022-05-16,ENERGYCO,Energy,55.24,56.18,54.4,55.34,55.34,2672616.0
2022-05-17,ENERGYCO,Energy,55.36,56.36,54.38,55.38,55.38,2458352.0
2022-05-18,ENERGYCO,Energy,57.01,57.97,55.87,56.84,56.84,3511192.0
2022-05-19,ENERGYCO,Energy,59.55,60.53,58.42,59.4,59.4,4157144.0
2022-05-20,ENERGYCO,Energy,59.83,60.67,58.94,59.77,59.77,3021443.0
2022-05-23,ENERGYCO,Energy,59.99,60.5,59.44,59.95,59.95,2631823.0
2022-05-24,ENERGYCO,Energy,59.18,59.51,58.91,59.24,59.24,2948517.0
2022-05-25,ENERGYCO,Energy,59.07,59.86,57.96,58.74,58.74,2936360.0
2022-05-26,ENERGYCO,Energy,59.96,61.02,58.51,59.56,59.56,1813378.0
2022-05-27,ENERGYCO,Energy,59.39,60.21,58.32,59.15,59.15,2177693.0
2022-05-30,ENERGYCO,Energy,58.66,59.93,57.67,58.93,58.93,2587504.0
2022-05-31,ENERGYCO,Energy,58.84,59.78,57.95,58.9,58.9,2296846.0
2022-06-01,ENERGYCO,Energy,58.18,58.5,57.82,58.13,58.13,2074105.0
2022-06-02,ENERGYCO,Energy,57.82,58.42,57.43,58.03,58.03,1943111.0
2022-06-03,ENERGYCO,Energy,55.52,55.97,55.05,55.5,55.5,3261926.0
2022-06-06,ENERGYCO,Energy,56.18,56.49,55.87,56.18,56.18,2636916.0
2022-06-07,ENERGYCO,Energy,59.42,60.12,58.47,59.16,59.16,4525173.0
2022-06-08,ENERGYCO,Energy,58.33,59.48,57.3,58.45,58.45,3203776.0
2022-06-09,ENERGYCO,Energy,59.2,60.06,58.08,58.93,58.93,
2022-06-10,ENERGYCO,Energy,59.81,60.6,59.25,60.04,60.04,3310502.0
2022-06-13,ENERGYCO,Energy,61.56,61.95,61.37,61.76,61.76,2988354.0
2022-06-14,ENERGYCO,Energy,61.3,61.87,60.83,61.4,61.4,2182885.0
2022-06-15,ENERGYCO,Energy,59.01,59.65,58.36,59.0,59.0,3233448.0
2022-06-16,ENERGYCO,Energy,58.77,59.81,58.31,59.35,59.35,2498167.0
2022-06-17,ENERGYCO,Energy,59.62,59.9,59.23,59.51,59.51,1733063.0
2022-06-20,ENERGYCO,Energy,59.46,60.03,58.49,59.06,59.06,2509909.0
2022-06-21,ENERGYCO,Energy,59.03,59.44,58.48,58.88,58.88,2466497.0
2022-06-22,ENERGYCO,Energy,59.02,60.05,58.03,59.07,59.07,2165786.0
2022-06-23,ENERGYCO,Energy,59.28,59.81,59.01,59.54,59.54,3055412.0
2022-06-24,ENERGYCO,Energy,59.52,60.18,59.3,59.95,59.95,2526717.0
2022-06-27,ENERGYCO,Energy,59.27,59.85,59.09,59.66,59.66,1917069.0
2022-06-28,ENERGYCO,Energy,60.14,60.65,59.66,60.17,60.17,2387951.0
2022-06-29,ENERGYCO,Energy,60.29,61.07,59.02,59.79,59.79,2599833.0
2022-06-30,ENERGYCO,Energy,59.98,61.49,59.14,60.64,60.64,2324084.0
2022-07-01,ENERGYCO,Energy,59.97,60.56,59.22,59.8,59.8,1942714.0
2022-07-04,ENERGYCO,Energy,59.74,60.69,58.94,59.9,59.9,2308190.0
2022-07-05,ENERGYCO,Energy,57.71,58.27,57.23,57.79,57.79,4216536.0
2022-07-06,ENERGYCO,Energy,57.1,58.06,56.36,57.32,57.32,2391390.0
2022-07-07,ENERGYCO,Energy,57.72,58.25,57.51,58.04,58.04,3167474.0
2022-07-08,ENERGYCO,Energy,56.75,57.26,56.22,56.73,56.73,3473205.0
2022-07-11,ENERGYCO,Energy,56.38,57.22,55.49,56.32,56.32,1874417.0
2022-07-12,ENERGYCO,Energy,53.56,54.36,52.61,53.41,53.41,4391240.0
2022-07-13,ENERGYCO,Energy,51.47,52.54,50.77,51.82,51.82,3014337.0
2022-07-14,ENERGYCO,Energy,50.75,51.06,50.27,50.57,50.57,2503511.0
2022-07-15,ENERGYCO,Energy,50.86,51.21,50.34,50.68,50.68,2467322.0
2022-07-18,ENERGYCO,Energy,51.14,52.06,50.14,51.06,51.06,2729104.0
2022-07-19,ENERGYCO,Energy,50.9,51.22,50.67,50.99,50.99,1768586.0
2022-07-20,ENERGYCO,Energy,50.62,50.91,50.27,50.56,50.56,3024380.0
2022-07-21,ENERGYCO,Energy,50.1,50.38,49.86,50.14,50.14,2784189.0
2022-07-22,ENERGYCO,Energy,51.13,51.53,50.53,50.93,50.93,3340236.0
2022-07-25,ENERGYCO,Energy,51.09,51.48,50.78,51.17,51.17,2044990.0
2022-07-26,ENERGYCO,Energy,50.81,51.35,50.26,50.79,50.79,3016540.0
2022-07-27,ENERGYCO,Energy,51.89,52.79,51.37,52.26,52.26,2811217.0
2022-07-28,ENERGYCO,Energy,54.62,55.52,53.65,54.55,54.55,2564847.0
2022-07-29,ENERGYCO,Energy,52.91,53.26,52.73,53.07,53.07,3526974.0
2022-08-01,ENERGYCO,Energy,53.79,54.21,53.27,53.68,53.68,2822451.0
2022-08-02,ENERGYCO,Energy,57.65,58.34,56.78,57.47,57.47,4518768.0
2022-08-03,ENERGYCO,Energy,57.68,58.52,56.98,57.82,57.82,2330501.0
2022-08-04,ENERGYCO,Energy,57.97,58.56,57.37,57.96,57.96,1602737.0
2022-08-05,ENERGYCO,Energy,57.93,58.81,57.01,57.89,57.89,2352414.0
2022-08-08,ENERGYCO,Energy,58.6,58.83,58.29,58.52,58.52,2368230.0
2022-08-09,ENERGYCO,Energy,59.68,60.59,58.59,59.5,59.5,2774830.0
2022-08-10,ENERGYCO,Energy,58.04,58.64,57.28,57.88,57.88,2916452.0
2022-08-11,ENERGYCO,Energy,57.76,58.14,57.47,57.85,57.85,2774231.0
2022-08-12,ENERGYCO,Energy,55.37,56.27,54.12,55.02,55.02,4039782.0
2022-08-15,ENERGYCO,Energy,54.93,55.63,54.07,54.77,54.77,2641874.0
2022-08-16,ENERGYCO,Energy,53.99,54.28,53.39,53.68,53.68,3529024.0
2022-08-17,ENERGYCO,Energy,54.16,54.35,53.89,54.08,54.08,2517474.0
2022-08-18,ENERGYCO,Energy,52.23,52.49,51.88,52.14,52.14,2367471.0
2022-08-19,ENERGYCO,Energy,51.53,52.18,50.9,51.55,51.55,1812352.0
2022-08-22,ENERGYCO,Energy,52.57,52.96,52.27,52.66,52.66,3168629.0
2022-08-23,ENERGYCO,Energy,52.08,52.42,51.55,51.88,51.88,2284162.0
2022-08-24,ENERGYCO,Energy,49.8,49.97,49.58,49.74,49.74,3699296.0
2022-08-25,ENERGYCO,Energy,50.0,50.72,49.31,50.03,50.03,1912723.0
2022-08-26,ENERGYCO,Energy,49.18,50.13,48.43,49.38,49.38,2214434.0
2022-08-29,ENERGYCO,Energy,49.48,50.22,48.44,49.18,49.18,2287834.0
2022-08-30,ENERGYCO,Energy,48.41,48.65,48.15,48.39,48.39,3434190.0
2022-08-31,ENERGYCO,Energy,50.29,51.38,49.46,50.54,50.54,3764146.0
2022-09-01,ENERGYCO,Energy,48.85,49.49,48.19,48.83,48.83,4132210.0
2022-09-02,ENERGYCO,Energy,51.93,52.83,51.08,51.98,51.98,5226788.0
2022-09-05,ENERGYCO,Energy,51.48,52.03,50.98,51.53,51.53,2002650.0
2022-09-06,ENERGYCO,Energy,51.85,52.35,51.24,51.74,51.74,2018466.0
2022-09-07,ENERGYCO,Energy,51.04,51.84,50.29,51.08,51.08,2974781.0
2022-09-08,ENERGYCO,Energy,50.33,50.61,50.11,50.39,50.39,3160163.0
2022-09-09,ENERGYCO,Energy,49.79,50.33,48.99,49.52,49.52,2742788.0
2022-09-12,ENERGYCO,Energy,49.83,50.96,49.06,50.18,50.18,3331288.0
2022-09-13,ENERGYCO,Energy,48.63,49.39,47.88,48.64,48.64,2238924.0
2022-09-14,ENERGYCO,Energy,49.21,50.07,48.18,49.03,49.03,
2022-09-15,ENERGYCO,Energy,46.84,47.47,46.09,46.72,46.72,4015141.0
2022-09-16,ENERGYCO,Energy,47.2,47.49,46.72,47.01,47.01,2296888.0
2022-09-19,ENERGYCO,Energy,48.28,48.44,47.73,47.89,47.89,2112661.0
2022-09-20,ENERGYCO,Energy,46.88,47.36,46.09,46.56,46.56,2824012.0
2022-09-21,ENERGYCO,Energy,47.04,47.77,46.54,47.26,47.26,1877461.0
2022-09-22,ENERGYCO,Energy,47.01,47.63,46.7,47.31,47.31,2369724.0
2022-09-23,ENERGYCO,Energy,49.07,49.31,48.77,49.01,49.01,4030585.0
2022-09-26,ENERGYCO,Energy,47.83,48.66,47.27,48.09,48.09,3400319.0
2022-09-27,ENERGYCO,Energy,50.77,51.91,50.04,51.17,51.17,4574909.0
2022-09-28,ENERGYCO,Energy,48.6,49.47,47.67,48.54,48.54,3813012.0
2022-09-29,ENERGYCO,Energy,48.3,48.99,47.49,48.19,48.19,2401289.0
2022-09-30,ENERGYCO,Energy,46.73,47.43,45.72,46.41,46.41,2642568.0
2022-10-03,ENERGYCO,Energy,48.49,49.09,47.75,48.34,48.34,3107046.0
2022-10-04,ENERGYCO,Energy,48.43,49.29,47.21,48.06,48.06,1897996.0
2022-10-05,ENERGYCO,Energy,47.95,48.55,47.28,47.88,47.88,2709090.0
2022-10-06,ENERGYCO,Energy,48.13,49.12,47.36,48.35,48.35,3071684.0
2022-10-07,ENERGYCO,Energy,48.5,49.33,47.51,48.34,48.34,2200272.0
2022-10-10,ENERGYCO,Energy,47.96,48.78,46.9,47.71,47.71,2925428.0
2022-10-11,ENERGYCO,Energy,46.48,46.88,46.0,46.4,46.4,2360591.0
2022-10-12,ENERGYCO,Energy,46.84,47.04,46.38,46.57,46.57,2413321.0
2022-10-13,ENERGYCO,Energy,46.94,47.23,46.68,46.96,46.96,2708025.0
2022-10-14,ENERGYCO,Energy,47.79,47.98,47.5,47.69,47.69,2561757.0
2022-10-17,ENERGYCO,Energy,49.7,49.97,49.48,49.74,49.74,2941168.0
2022-10-18,ENERGYCO,Energy,47.86,48.14,47.14,47.41,47.41,4575618.0
2022-10-19,ENERGYCO,Energy,47.5,47.88,46.95,47.34,47.34,2517555.0
2022-10-20,ENERGYCO,Energy,48.38,49.14,47.84,48.59,48.59,3697169.0
2022-10-21,ENERGYCO,Energy,48.82,49.49,47.8,48.46,48.46,2665246.0
2022-10-24,ENERGYCO,Energy,45.89,46.31,45.6,46.02,46.02,4987418.0
2022-10-25,ENERGYCO,Energy,44.73,45.32,44.14,44.73,44.73,2510653.0
2022-10-26,ENERGYCO,Energy,45.14,45.75,44.44,45.05,45.05,1789006.0
2022-10-27,ENERGYCO,Energy,45.44,45.96,44.82,45.34,45.34,2123046.0
2022-10-28,ENERGYCO,Energy,46.1,46.87,45.25,46.02,46.02,2037167.0
2022-10-31,ENERGYCO,Energy,45.02,45.44,44.81,45.23,45.23,2746339.0
2022-11-01,ENERGYCO,Energy,45.57,45.83,45.23,45.49,45.49,2516373.0
2022-11-02,ENERGYCO,Energy,44.74,45.16,44.13,44.55,44.55,2960943.0
2022-11-03,ENERGYCO,Energy,44.99,45.21,44.58,44.8,44.8,1993778.0
2022-11-04,ENERGYCO,Energy,44.62,45.37,44.1,44.85,44.85,2719811.0
2022-11-07,ENERGYCO,Energy,43.93,44.44,43.53,44.04,44.04,1951067.0
2022-11-08,ENERGYCO,Energy,45.39,45.91,45.06,45.58,45.58,2939375.0
2022-11-09,ENERGYCO,Energy,43.96,44.2,43.65,43.9,43.9,3828416.0
2022-11-10,ENERGYCO,Energy,43.49,44.11,43.14,43.76,43.76,2610267.0
2022-11-11,ENERGYCO,Energy,42.76,43.47,42.24,42.95,42.95,2614927.0
2022-11-14,ENERGYCO,Energy,44.6,45.24,44.08,44.72,44.72,2430961.0
2022-11-15,ENERGYCO,Energy,44.99,45.56,44.74,45.31,45.31,2750483.0
2022-11-16,ENERGYCO,Energy,44.66,44.88,44.44,44.67,44.67,1928544.0
2022-11-17,ENERGYCO,Energy,44.02,44.54,43.87,44.39,44.39,1795910.0
2022-11-18,ENERGYCO,Energy,46.34,46.48,46.1,46.25,46.25,3751902.0
2022-11-21,ENERGYCO,Energy,45.22,46.02,44.49,45.29,45.29,2510183.0
2022-11-22,ENERGYCO,Energy,43.45,43.72,43.29,43.56,43.56,3114706.0
2022-11-23,ENERGYCO,Energy,43.76,44.45,43.15,43.84,43.84,2333722.0
2022-11-24,ENERGYCO,Energy,44.13,44.85,43.42,44.14,44.14,3048367.0
2022-11-25,ENERGYCO,Energy,44.9,45.1,44.59,44.79,44.79,3346482.0
2022-11-28,ENERGYCO,Energy,45.7,46.14,45.03,45.46,45.46,2488888.0
2022-11-29,ENERGYCO,Energy,47.46,48.29,46.44,47.27,47.27,2904295.0
2022-11-30,ENERGYCO,Energy,45.91,46.63,44.8,45.51,45.51,2991136.0
2022-12-01,ENERGYCO,Energy,44.43,44.89,43.86,44.32,44.32,2596712.0
2022-12-02,ENERGYCO,Energy,44.99,45.64,44.32,44.96,44.96,2663818.0
2022-12-05,ENERGYCO,Energy,43.8,44.56,43.12,43.88,43.88,3132946.0
2022-12-06,ENERGYCO,Energy,42.42,42.84,42.07,42.49,42.49,3179071.0
2022-12-07,ENERGYCO,Energy,44.37,45.1,43.55,44.27,44.27,3254601.0
2022-12-08,ENERGYCO,Energy,42.55,43.15,42.12,42.72,42.72,2745422.0
2022-12-09,ENERGYCO,Energy,42.43,42.89,41.92,42.39,42.39,2374469.0
2022-12-12,ENERGYCO,Energy,42.33,43.09,41.56,42.33,42.33,1982447.0
2022-12-13,ENERGYCO,Energy,43.44,44.25,42.76,43.57,43.57,3139360.0
2022-12-14,ENERGYCO,Energy,41.63,42.16,41.28,41.81,41.81,3872717.0
2022-12-15,ENERGYCO,Energy,42.62,42.75,42.06,42.19,42.19,2635245.0
2022-12-16,ENERGYCO,Energy,41.14,41.88,40.63,41.37,41.37,2725135.0
2022-12-19,ENERGYCO,Energy,41.93,42.51,41.36,41.94,41.94,2676107.0
2022-12-20,ENERGYCO,Energy,41.31,41.84,40.59,41.11,41.11,2438370.0
2022-12-21,ENERGYCO,Energy,42.65,43.4,41.81,42.56,42.56,2317988.0
2022-12-22,ENERGYCO,Energy,41.64,42.38,40.98,41.72,41.72,3005253.0
2022-12-23,ENERGYCO,Energy,39.33,39.9,38.94,39.51,39.51,3360452.0
2022-12-26,ENERGYCO,Energy,38.85,39.0,38.68,38.83,38.83,2989580.0
2022-12-27,ENERGYCO,Energy,38.2,39.0,37.81,38.61,38.61,2681421.0
2022-12-28,ENERGYCO,Energy,39.56,40.09,39.01,39.54,39.54,3631236.0
2022-12-29,ENERGYCO,Energy,38.46,38.92,37.99,38.45,38.45,3895471.0
2022-12-30,ENERGYCO,Energy,37.58,37.99,37.0,37.42,37.42,2148004.0
2023-01-02,ENERGYCO,Energy,38.04,38.6,37.66,38.21,38.21,3651583.0
2023-01-03,ENERGYCO,Energy,37.02,37.35,36.75,37.07,37.07,3485907.0
2023-01-04,ENERGYCO,Energy,36.99,37.25,36.66,36.92,36.92,2472604.0
2023-01-05,ENERGYCO,Energy,36.82,37.21,36.41,36.79,36.79,1604091.0
2023-01-06,ENERGYCO,Energy,36.77,37.17,36.57,36.97,36.97,2799082.0
2023-01-09,ENERGYCO,Energy,36.27,36.66,35.97,36.36,36.36,2114860.0
2023-01-10,ENERGYCO,Energy,35.82,36.1,35.34,35.62,35.62,3384048.0
2023-01-11,ENERGYCO,Energy,35.92,36.35,35.46,35.89,35.89,1690566.0
2023-01-12,ENERGYCO,Energy,34.95,35.32,34.81,35.18,35.18,3036464.0
2023-01-13,ENERGYCO,Energy,34.26,34.79,33.61,34.14,34.14,3007387.0
2023-01-16,ENERGYCO,Energy,34.85,35.48,34.45,35.08,35.08,2466906.0
2023-01-17,ENERGYCO,Energy,35.41,35.92,34.95,35.45,35.45,1904570.0
2023-01-18,ENERGYCO,Energy,36.94,37.45,36.36,36.86,36.86,3256315.0
2023-01-19,ENERGYCO,Energy,37.69,37.96,37.23,37.5,37.5,2088504.0
2023-01-20,ENERGYCO,Energy,39.59,40.36,39.19,39.96,39.96,4094909.0
2023-01-23,ENERGYCO,Energy,40.16,40.85,39.35,40.04,40.04,2381064.0
2023-01-24,ENERGYCO,Energy,39.29,39.86,38.59,39.15,39.15,3444209.0
2023-01-25,ENERGYCO,Energy,37.67,38.42,37.01,37.75,37.75,3702417.0
2023-01-26,ENERGYCO,Energy,37.39,37.93,36.85,37.38,37.38,1824443.0
2023-01-27,ENERGYCO,Energy,37.73,38.41,37.52,38.2,38.2,2508340.0
2023-01-30,ENERGYCO,Energy,38.0,38.58,37.85,38.43,38.43,2043179.0
2023-01-31,ENERGYCO,Energy,37.43,37.87,36.83,37.27,37.27,3937492.0
2023-02-01,ENERGYCO,Energy,36.79,37.18,36.48,36.87,36.87,3043885.0
2023-02-02,ENERGYCO,Energy,36.7,37.01,36.44,36.75,36.75,2075449.0
2023-02-03,ENERGYCO,Energy,35.44,35.98,34.87,35.41,35.41,2504076.0
2023-02-06,ENERGYCO,Energy,35.91,36.27,35.61,35.97,35.97,3275293.0
2023-02-07,ENERGYCO,Energy,35.72,36.06,35.44,35.78,35.78,2850569.0
2023-02-08,ENERGYCO,Energy,34.76,35.3,34.15,34.7,34.7,3823196.0
2023-02-09,ENERGYCO,Energy,33.41,34.14,32.88,33.61,33.61,3854969.0
2023-02-10,ENERGYCO,Energy,34.59,34.88,34.15,34.43,34.43,2884136.0
2023-02-13,ENERGYCO,Energy,34.11,34.67,33.59,34.14,34.14,1952285.0
2023-02-14,ENERGYCO,Energy,34.91,35.6,34.36,35.05,35.05,2940572.0
2023-02-15,ENERGYCO,Energy,36.12,36.63,35.78,36.29,36.29,3233392.0
2023-02-16,ENERGYCO,Energy,37.12,37.27,36.96,37.11,37.11,2847139.0
2023-02-17,ENERGYCO,Energy,36.63,36.79,36.52,36.68,36.68,2589183.0
2023-02-20,ENERGYCO,Energy,34.49,35.09,34.12,34.71,34.71,3395497.0
2023-02-21,ENERGYCO,Energy,34.86,35.23,34.58,34.95,34.95,2177826.0
2023-02-22,ENERGYCO,Energy,36.48,37.25,35.82,36.6,36.6,3456174.0
2023-02-23,ENERGYCO,Energy,36.75,37.29,36.03,36.57,36.57,1693083.0
2023-02-24,ENERGYCO,Energy,35.01,35.52,34.49,34.99,34.99,3497800.0
2023-02-27,ENERGYCO,Energy,34.69,35.29,33.88,34.48,34.48,3122460.0
2023-02-28,ENERGYCO,Energy,34.24,34.9,33.68,34.34,34.34,2728721.0
2023-03-01,ENERGYCO,Energy,33.47,33.77,33.21,33.51,33.51,2782691.0
2023-03-02,ENERGYCO,Energy,31.72,31.89,31.5,31.67,31.67,4068278.0
2023-03-03,ENERGYCO,Energy,31.68,32.13,31.15,31.6,31.6,1597923.0
2023-03-06,ENERGYCO,Energy,31.15,31.42,30.79,31.06,31.06,2995331.0
2023-03-07,ENERGYCO,Energy,32.18,32.62,31.85,32.29,32.29,3187669.0
2023-03-08,ENERGYCO,Energy,32.25,32.77,31.85,32.36,32.36,2145424.0
2023-03-09,ENERGYCO,Energy,32.65,33.24,32.11,32.7,32.7,3033734.0
2023-03-10,ENERGYCO,Energy,32.8,33.11,32.31,32.61,32.61,2182718.0
2023-03-13,ENERGYCO,Energy,32.55,33.16,32.07,32.68,32.68,1577101.0
2023-03-14,ENERGYCO,Energy,31.44,31.73,31.22,31.51,31.51,2797643.0
2023-03-15,ENERGYCO,Energy,30.88,31.3,30.38,30.79,30.79,2854197.0
2023-03-16,ENERGYCO,Energy,31.62,31.72,31.44,31.54,31.54,2778341.0
2023-03-17,ENERGYCO,Energy,31.75,32.26,31.17,31.68,31.68,2790911.0
2023-03-20,ENERGYCO,Energy,31.41,31.52,31.3,31.4,31.4,2495013.0
2023-03-21,ENERGYCO,Energy,31.61,32.18,31.17,31.74,31.74,2773083.0
2023-03-22,ENERGYCO,Energy,32.01,32.21,31.89,32.1,32.1,2457544.0
2023-03-23,ENERGYCO,Energy,33.68,33.92,33.3,33.53,33.53,3402088.0
2023-03-24,ENERGYCO,Energy,33.76,34.11,33.3,33.65,33.65,2189020.0
2023-03-27,ENERGYCO,Energy,32.7,33.18,32.39,32.87,32.87,2757128.0
2023-03-28,ENERGYCO,Energy,32.9,33.09,32.59,32.79,32.79,2283116.0
2023-03-29,ENERGYCO,Energy,33.4,33.67,32.96,33.23,33.23,2189424.0
2023-03-30,ENERGYCO,Energy,33.97,34.44,33.49,33.96,33.96,3513559.0
2023-03-31,ENERGYCO,Energy,32.83,33.26,32.35,32.77,32.77,2984845.0
2023-04-03,ENERGYCO,Energy,33.09,33.22,32.82,32.96,32.96,1834089.0
2023-04-04,ENERGYCO,Energy,32.22,32.77,31.76,32.31,32.31,2116794.0
2023-04-05,ENERGYCO,Energy,32.2,32.33,31.79,31.91,31.91,1808503.0
2023-04-06,ENERGYCO,Energy,32.67,33.03,32.14,32.51,32.51,2614653.0
2023-04-07,ENERGYCO,Energy,33.11,33.34,32.82,33.04,33.04,2171209.0
2023-04-10,ENERGYCO,Energy,32.55,32.94,32.16,32.55,32.55,1878369.0
2023-04-11,ENERGYCO,Energy,32.5,32.73,32.21,32.44,32.44,2288650.0
2023-04-12,ENERGYCO,Energy,31.86,32.62,31.29,32.06,32.06,2805671.0
2023-04-13,ENERGYCO,Energy,34.45,34.71,33.9,34.16,34.16,3108181.0
2023-04-14,ENERGYCO,Energy,34.53,34.76,34.14,34.37,34.37,2288467.0
2023-04-17,ENERGYCO,Energy,33.94,34.18,33.5,33.74,33.74,3153168.0
2023-04-18,ENERGYCO,Energy,34.74,35.31,34.17,34.74,34.74,3967322.0
2023-04-19,ENERGYCO,Energy,35.74,36.24,35.29,35.79,35.79,3406848.0
2023-04-20,ENERGYCO,Energy,37.13,37.75,36.61,37.23,37.23,2874525.0
2023-04-21,ENERGYCO,Energy,39.11,39.77,38.33,38.98,38.98,4063047.0
2023-04-24,ENERGYCO,Energy,39.51,40.26,38.86,39.6,39.6,2800522.0
2023-04-25,ENERGYCO,Energy,39.26,39.84,38.71,39.29,39.29,1983867.0
2023-04-26,ENERGYCO,Energy,39.2,39.43,38.88,39.11,39.11,2776563.0
2023-04-27,ENERGYCO,Energy,38.76,39.47,38.15,38.86,38.86,2254631.0
2023-04-28,ENERGYCO,Energy,38.67,38.91,38.28,38.51,38.51,3112823.0
2023-05-01,ENERGYCO,Energy,39.58,40.14,39.02,39.58,39.58,3418370.0
2023-05-02,ENERGYCO,Energy,39.34,40.1,38.82,39.58,39.58,2335029.0
2023-05-03,ENERGYCO,Energy,40.32,41.01,39.74,40.43,40.43,3216589.0
2023-05-04,ENERGYCO,Energy,41.25,41.71,40.59,41.04,41.04,2588802.0
2023-05-05,ENERGYCO,Energy,39.9,40.56,39.4,40.05,40.05,2948321.0
2023-05-08,ENERGYCO,Energy,38.7,39.37,37.9,38.56,38.56,4107156.0
2023-05-09,ENERGYCO,Energy,37.54,37.71,37.36,37.53,37.53,3369672.0
2023-05-10,ENERGYCO,Energy,37.15,37.46,36.86,37.17,37.17,3038533.0
2023-05-11,ENERGYCO,Energy,37.66,38.11,36.83,37.28,37.28,2767210.0
2023-05-12,ENERGYCO,Energy,36.56,37.39,35.92,36.75,36.75,3360020.0
2023-05-15,ENERGYCO,Energy,37.21,37.49,37.05,37.32,37.32,2959212.0
2023-05-16,ENERGYCO,Energy,36.89,37.01,36.76,36.89,36.89,2529678.0
2023-05-17,ENERGYCO,Energy,37.46,37.6,36.96,37.1,37.1,1862146.0
2023-05-18,ENERGYCO,Energy,37.19,37.33,37.05,37.19,37.19,2504471.0
2023-05-19,ENERGYCO,Energy,38.68,39.33,38.0,38.64,38.64,2935490.0
2023-05-22,ENERGYCO,Energy,37.77,38.34,37.24,37.82,37.82,2478329.0
2023-05-23,ENERGYCO,Energy,39.76,40.28,39.18,39.7,39.7,3099962.0
2023-05-24,ENERGYCO,Energy,39.14,39.61,38.72,39.18,39.18,3153501.0
2023-05-25,ENERGYCO,Energy,38.15,38.71,37.48,38.04,38.04,3803033.0
2023-05-26,ENERGYCO,Energy,37.97,38.18,37.66,37.86,37.86,2484644.0
2023-05-29,ENERGYCO,Energy,40.62,41.02,40.26,40.66,40.66,4296764.0
2023-05-30,ENERGYCO,Energy,41.28,41.9,40.85,41.47,41.47,3062618.0
2023-05-31,ENERGYCO,Energy,42.04,42.23,41.83,42.02,42.02,2737223.0
2023-06-01,ENERGYCO,Energy,43.0,43.4,42.36,42.76,42.76,2569390.0
2023-06-02,ENERGYCO,Energy,41.9,42.37,41.58,42.04,42.04,2505464.0
2023-06-05,ENERGYCO,Energy,42.4,42.55,42.19,42.34,42.34,2209899.0
2023-06-06,ENERGYCO,Energy,42.14,42.56,41.93,42.34,42.34,2262951.0
2023-06-07,ENERGYCO,Energy,43.88,44.7,43.25,44.06,44.06,3707814.0
2023-06-08,ENERGYCO,Energy,44.19,44.33,43.81,43.96,43.96,2162000.0
2023-06-09,ENERGYCO,Energy,43.71,44.45,42.85,43.59,43.59,3099252.0
2023-06-12,ENERGYCO,Energy,42.54,42.72,42.3,42.48,42.48,2241375.0
2023-06-13,ENERGYCO,Energy,42.22,43.25,41.58,42.61,42.61,2039515.0
2023-06-14,ENERGYCO,Energy,42.79,43.59,42.09,42.89,42.89,2239430.0
2023-06-15,ENERGYCO,Energy,41.86,42.58,41.05,41.76,41.76,2140470.0
2023-06-16,ENERGYCO,Energy,41.94,42.86,41.26,42.18,42.18,2266729.0
2023-06-19,ENERGYCO,Energy,42.34,42.71,42.03,42.4,42.4,1997661.0
2023-06-20,ENERGYCO,Energy,43.48,43.83,43.01,43.35,43.35,2868541.0
2023-06-21,ENERGYCO,Energy,44.26,44.94,43.84,44.52,44.52,2701990.0
2023-06-22,ENERGYCO,Energy,44.32,44.84,44.09,44.62,44.62,2513545.0
2023-06-23,ENERGYCO,Energy,43.34,43.75,43.2,43.61,43.61,2911050.0
2023-06-26,ENERGYCO,Energy,42.87,43.56,42.13,42.81,42.81,
2023-06-27,ENERGYCO,Energy,44.41,45.01,43.9,44.51,44.51,3880200.0
2023-06-28,ENERGYCO,Energy,44.82,45.37,44.12,44.67,44.67,1719313.0
2023-06-29,ENERGYCO,Energy,46.44,47.23,45.63,46.42,46.42,4047209.0
2023-06-30,ENERGYCO,Energy,47.28,47.9,46.32,46.93,46.93,
2023-07-03,ENERGYCO,Energy,47.48,48.35,46.84,47.71,47.71,2392052.0
2023-07-04,ENERGYCO,Energy,48.77,49.5,47.99,48.71,48.71,3523758.0
2023-07-05,ENERGYCO,Energy,47.26,47.64,47.04,47.41,47.41,3562479.0
2023-07-06,ENERGYCO,Energy,47.85,48.25,47.33,47.73,47.73,2962674.0
2023-07-07,ENERGYCO,Energy,46.47,47.28,45.63,46.44,46.44,3343208.0
2023-07-10,ENERGYCO,Energy,45.97,46.93,45.19,46.15,46.15,1979100.0
2023-07-11,ENERGYCO,Energy,46.78,47.57,46.02,46.81,46.81,3212773.0
2023-07-12,ENERGYCO,Energy,45.77,46.22,45.31,45.76,45.76,2339102.0
2023-07-13,ENERGYCO,Energy,46.21,47.06,45.48,46.32,46.32,2103670.0
2023-07-14,ENERGYCO,Energy,44.95,45.11,44.65,44.82,44.82,2787424.0
2023-07-17,ENERGYCO,Energy,45.77,46.2,45.53,45.96,45.96,2601994.0
2023-07-18,ENERGYCO,Energy,45.67,46.09,44.87,45.29,45.29,2647415.0
2023-07-19,ENERGYCO,Energy,44.44,44.9,43.82,44.27,44.27,3256846.0
2023-07-20,ENERGYCO,Energy,42.95,43.25,42.59,42.89,42.89,3999545.0
2023-07-21,ENERGYCO,Energy,42.83,43.18,41.99,42.34,42.34,1930356.0
2023-07-24,ENERGYCO,Energy,40.55,40.82,40.33,40.6,40.6,4496299.0
2023-07-25,ENERGYCO,Energy,40.21,40.62,39.69,40.11,40.11,3183447.0
2023-07-26,ENERGYCO,Energy,41.13,41.74,40.48,41.09,41.09,2137069.0
2023-07-27,ENERGYCO,Energy,41.05,41.58,40.39,40.92,40.92,2092123.0
2023-07-28,ENERGYCO,Energy,40.11,40.29,39.68,39.87,39.87,3559556.0
2023-07-31,ENERGYCO,Energy,40.15,40.57,39.65,40.07,40.07,2461034.0
2023-08-01,ENERGYCO,Energy,40.35,40.9,39.64,40.19,40.19,2619885.0
2023-08-02,ENERGYCO,Energy,41.86,42.41,41.4,41.96,41.96,3967411.0
2023-08-03,ENERGYCO,Energy,42.66,43.07,42.28,42.69,42.69,2697859.0
2023-08-04,ENERGYCO,Energy,43.26,43.79,42.45,42.98,42.98,1712277.0
2023-08-07,ENERGYCO,Energy,43.95,44.72,43.07,43.84,43.84,2923518.0
2023-08-08,ENERGYCO,Energy,43.75,43.95,43.52,43.71,43.71,1636749.0
2023-08-09,ENERGYCO,Energy,43.5,44.02,43.12,43.64,43.64,2339876.0
2023-08-10,ENERGYCO,Energy,45.43,45.85,44.85,45.26,45.26,3898821.0
2023-08-11,ENERGYCO,Energy,43.52,44.16,43.01,43.65,43.65,3502094.0
2023-08-14,ENERGYCO,Energy,44.4,44.83,44.17,44.59,44.59,3669488.0
2023-08-15,ENERGYCO,Energy,44.5,44.76,44.23,44.48,44.48,2168968.0
2023-08-16,ENERGYCO,Energy,43.77,44.52,43.45,44.2,44.2,2708766.0
2023-08-17,ENERGYCO,Energy,43.77,44.52,42.9,43.66,43.66,2799577.0
2023-08-18,ENERGYCO,Energy,43.87,44.49,43.19,43.81,43.81,2920255.0
2023-08-21,ENERGYCO,Energy,43.7,44.33,43.13,43.76,43.76,2459010.0
2023-08-22,ENERGYCO,Energy,43.32,44.02,42.65,43.36,43.36,1952210.0
2023-08-23,ENERGYCO,Energy,42.67,42.9,42.46,42.69,42.69,3377042.0
2023-08-24,ENERGYCO,Energy,40.81,41.58,40.16,40.93,40.93,3886903.0
2023-08-25,ENERGYCO,Energy,40.31,40.79,39.8,40.28,40.28,1962171.0
2023-08-28,ENERGYCO,Energy,39.79,40.15,39.47,39.83,39.83,2752914.0
2023-08-29,ENERGYCO,Energy,39.98,40.59,39.35,39.96,39.96,2771564.0
2023-08-30,ENERGYCO,Energy,41.7,42.35,41.07,41.73,41.73,3673278.0
2023-08-31,ENERGYCO,Energy,41.1,41.81,40.46,41.16,41.16,2362860.0
2023-09-01,ENERGYCO,Energy,40.29,40.48,40.05,40.24,40.24,3440046.0
2023-09-04,ENERGYCO,Energy,39.74,40.43,38.92,39.61,39.61,3111726.0
2023-09-05,ENERGYCO,Energy,39.66,40.43,38.97,39.74,39.74,2314815.0
2023-09-06,ENERGYCO,Energy,40.32,40.66,39.92,40.26,40.26,2030460.0
2023-09-07,ENERGYCO,Energy,41.0,41.16,40.75,40.91,40.91,2262171.0
2023-09-08,ENERGYCO,Energy,41.45,41.89,41.22,41.66,41.66,3119386.0
2023-09-11,ENERGYCO,Energy,42.73,43.49,41.8,42.56,42.56,3346723.0
2023-09-12,ENERGYCO,Energy,42.65,43.13,41.81,42.3,42.3,2036925.0
2023-09-13,ENERGYCO,Energy,44.24,44.62,43.87,44.25,44.25,3289231.0
2023-09-14,ENERGYCO,Energy,43.88,44.23,43.56,43.91,43.91,1793403.0
2023-09-15,ENERGYCO,Energy,43.97,44.31,43.67,44.01,44.01,2508695.0
2023-09-18,ENERGYCO,Energy,45.4,45.99,44.7,45.29,45.29,2144167.0
2023-09-19,ENERGYCO,Energy,45.95,46.37,45.43,45.85,45.85,1853398.0
2023-09-20,ENERGYCO,Energy,43.36,44.4,42.6,43.64,43.64,2656472.0
2023-09-21,ENERGYCO,Energy,43.49,44.22,42.92,43.64,43.64,2337786.0
2023-09-22,ENERGYCO,Energy,44.57,45.23,43.82,44.48,44.48,2616341.0
2023-09-25,ENERGYCO,Energy,43.15,43.5,42.83,43.18,43.18,2739030.0
2023-09-26,ENERGYCO,Energy,43.69,44.08,43.51,43.9,43.9,3337564.0
2023-09-27,ENERGYCO,Energy,44.54,45.0,43.82,44.27,44.27,1975779.0
2023-09-28,ENERGYCO,Energy,45.3,45.79,44.95,45.44,45.44,2778815.0
2023-09-29,ENERGYCO,Energy,44.76,45.03,44.48,44.75,44.75,3343063.0
2023-10-02,ENERGYCO,Energy,45.71,46.54,44.92,45.75,45.75,2721522.0
2023-10-03,ENERGYCO,Energy,45.71,46.35,45.26,45.9,45.9,2333616.0
2023-10-04,ENERGYCO,Energy,47.76,48.03,47.46,47.72,47.72,2526424.0
2023-10-05,ENERGYCO,Energy,50.83,51.13,50.44,50.75,50.75,4773592.0
2023-10-06,ENERGYCO,Energy,52.4,52.87,52.02,52.49,52.49,3071428.0
2023-10-09,ENERGYCO,Energy,52.98,54.01,52.03,53.05,53.05,2934034.0
2023-10-10,ENERGYCO,Energy,55.97,56.36,55.44,55.83,55.83,3199022.0
2023-10-11,ENERGYCO,Energy,56.13,57.03,55.69,56.58,56.58,2452486.0
2023-10-12,ENERGYCO,Energy,55.27,56.17,54.56,55.46,55.46,3282115.0
2023-10-13,ENERGYCO,Energy,55.45,55.86,54.99,55.41,55.41,2796082.0
2023-10-16,ENERGYCO,Energy,56.22,56.69,55.87,56.34,56.34,1973948.0
2023-10-17,ENERGYCO,Energy,57.25,57.68,56.94,57.37,57.37,3239051.0
2023-10-18,ENERGYCO,Energy,56.17,56.6,55.53,55.97,55.97,2604681.0
2023-10-19,ENERGYCO,Energy,54.49,54.88,54.24,54.63,54.63,3024747.0
2023-10-20,ENERGYCO,Energy,54.65,54.83,54.04,54.22,54.22,2091201.0
2023-10-23,ENERGYCO,Energy,54.47,55.68,53.65,54.86,54.86,2695553.0
2023-10-24,ENERGYCO,Energy,55.17,55.94,54.89,55.66,55.66,2384257.0
2023-10-25,ENERGYCO,Energy,56.03,56.85,55.02,55.83,55.83,2022239.0
2023-10-26,ENERGYCO,Energy,54.6,55.63,53.78,54.81,54.81,1985700.0
2023-10-27,ENERGYCO,Energy,56.73,57.58,56.1,56.95,56.95,2645724.0
2023-10-30,ENERGYCO,Energy,55.84,56.26,55.19,55.62,55.62,3650414.0
2023-10-31,ENERGYCO,Energy,57.12,57.53,56.83,57.24,57.24,3972535.0
2023-11-01,ENERGYCO,Energy,58.38,59.21,57.36,58.17,58.17,3115713.0
2023-11-02,ENERGYCO,Energy,59.69,60.56,58.97,59.84,59.84,2653791.0
2023-11-03,ENERGYCO,Energy,59.34,60.1,58.49,59.25,59.25,2322049.0
2023-11-06,ENERGYCO,Energy,58.94,59.25,58.76,59.06,59.06,2574086.0
2023-11-07,ENERGYCO,Energy,58.91,60.13,57.92,59.13,59.13,2799694.0
2023-11-08,ENERGYCO,Energy,58.91,59.15,58.28,58.51,58.51,2422844.0
2023-11-09,ENERGYCO,Energy,59.06,59.56,58.3,58.8,58.8,2761813.0
2023-11-10,ENERGYCO,Energy,60.7,61.43,60.15,60.88,60.88,4174668.0
2023-11-13,ENERGYCO,Energy,59.12,59.34,58.94,59.16,59.16,3774638.0
2023-11-14,ENERGYCO,Energy,58.65,59.26,57.7,58.31,58.31,2190582.0
2023-11-15,ENERGYCO,Energy,57.1,58.15,56.29,57.33,57.33,1901403.0
2023-11-16,ENERGYCO,Energy,56.99,58.08,56.12,57.21,57.21,2205779.0
2023-11-17,ENERGYCO,Energy,57.14,58.07,56.11,57.03,57.03,2287837.0
2023-11-20,ENERGYCO,Energy,58.54,59.14,57.41,58.01,58.01,2208020.0
2023-11-21,ENERGYCO,Energy,58.06,58.79,57.33,58.05,58.05,1889855.0
2023-11-22,ENERGYCO,Energy,58.68,58.93,58.19,58.44,58.44,2736296.0
2023-11-23,ENERGYCO,Energy,58.71,59.56,58.1,58.95,58.95,2384884.0
2023-11-24,ENERGYCO,Energy,59.35,59.67,58.95,59.27,59.27,2065882.0
2023-11-27,ENERGYCO,Energy,60.1,60.7,59.59,60.19,60.19,2836412.0
2023-11-28,ENERGYCO,Energy,60.47,60.95,59.55,60.03,60.03,2441137.0
2023-11-29,ENERGYCO,Energy,62.64,63.23,61.66,62.24,62.24,3827345.0
2023-11-30,ENERGYCO,Energy,66.43,67.2,65.06,65.83,65.83,3098307.0
2023-12-01,ENERGYCO,Energy,66.67,67.96,65.57,66.86,66.86,3027217.0
2023-12-04,ENERGYCO,Energy,67.2,67.8,66.59,67.19,67.19,2445515.0
2023-12-05,ENERGYCO,Energy,68.22,69.43,66.91,68.12,68.12,1900198.0
2023-12-06,ENERGYCO,Energy,66.31,67.44,65.35,66.48,66.48,3430388.0
2023-12-07,ENERGYCO,Energy,66.78,67.49,66.03,66.74,66.74,2114451.0
2023-12-08,ENERGYCO,Energy,65.91,66.75,64.84,65.67,65.67,2400841.0
2023-12-11,ENERGYCO,Energy,66.27,66.71,65.97,66.41,66.41,2428426.0
2023-12-12,ENERGYCO,Energy,65.17,66.38,64.15,65.35,65.35,2422917.0
2023-12-13,ENERGYCO,Energy,64.66,65.62,63.9,64.86,64.86,2162624.0
2023-12-14,ENERGYCO,Energy,61.9,63.34,60.8,62.23,62.23,4154908.0
2023-12-15,ENERGYCO,Energy,60.85,61.61,59.88,60.64,60.64,2319021.0
2023-12-18,ENERGYCO,Energy,60.94,62.06,60.0,61.11,61.11,3074314.0
2023-12-19,ENERGYCO,Energy,59.76,60.85,58.86,59.95,59.95,2863657.0
2023-12-20,ENERGYCO,Energy,61.5,62.0,60.87,61.37,61.37,2342725.0
2023-12-21,ENERGYCO,Energy,60.09,60.51,59.67,60.09,60.09,2206856.0
2023-12-22,ENERGYCO,Energy,60.56,61.27,59.99,60.69,60.69,2602083.0
2023-12-25,ENERGYCO,Energy,59.87,60.47,59.08,59.68,59.68,2909977.0
2023-12-26,ENERGYCO,Energy,60.05,60.58,59.65,60.19,60.19,1770220.0
2023-12-27,ENERGYCO,Energy,57.67,59.14,56.73,58.18,58.18,2755644.0
2023-12-28,ENERGYCO,Energy,57.91,58.55,56.96,57.6,57.6,2911045.0
2023-12-29,ENERGYCO,Energy,56.34,57.53,55.35,56.53,56.53,2011187.0
2024-01-01,ENERGYCO,Energy,57.48,58.51,56.6,57.64,57.64,3357258.0
2024-01-02,ENERGYCO,Energy,58.06,58.89,57.4,58.23,58.23,2707664.0
2024-01-03,ENERGYCO,Energy,56.68,57.65,55.69,56.67,56.67,2917226.0
2024-01-04,ENERGYCO,Energy,56.35,57.01,55.75,56.41,56.41,2082466.0
2024-01-05,ENERGYCO,Energy,55.67,56.58,54.55,55.45,55.45,1922938.0
2024-01-08,ENERGYCO,Energy,57.0,57.48,56.15,56.63,56.63,3363411.0
2024-01-09,ENERGYCO,Energy,58.08,58.74,57.57,58.23,58.23,2385928.0
2024-01-10,ENERGYCO,Energy,56.2,56.93,55.68,56.41,56.41,2825162.0
2024-01-11,ENERGYCO,Energy,57.32,58.09,56.68,57.44,57.44,2841328.0
2024-01-12,ENERGYCO,Energy,56.51,57.15,55.77,56.41,56.41,2321836.0
2024-01-15,ENERGYCO,Energy,56.07,56.68,55.48,56.09,56.09,2325330.0
2024-01-16,ENERGYCO,Energy,56.02,56.56,55.59,56.13,56.13,2571813.0
2024-01-17,ENERGYCO,Energy,58.12,59.41,57.13,58.42,58.42,3350880.0
2024-01-18,ENERGYCO,Energy,56.63,57.82,55.96,57.14,57.14,3643371.0
2024-01-19,ENERGYCO,Energy,57.96,58.73,57.44,58.2,58.2,3303819.0
2024-01-22,ENERGYCO,Energy,57.0,57.73,55.99,56.71,56.71,2692418.0
2024-01-23,ENERGYCO,Energy,55.28,56.08,54.38,55.18,55.18,2859938.0
2024-01-24,ENERGYCO,Energy,55.17,56.17,54.21,55.21,55.21,2066838.0
2024-01-25,ENERGYCO,Energy,55.4,55.98,54.66,55.24,55.24,2325385.0
2024-01-26,ENERGYCO,Energy,51.62,52.13,51.38,51.89,51.89,3684693.0
2024-01-29,ENERGYCO,Energy,53.24,53.75,52.72,53.23,53.23,3792806.0
2024-01-30,ENERGYCO,Energy,50.41,51.29,49.9,50.78,50.78,3946652.0
2024-01-31,ENERGYCO,Energy,50.68,51.51,49.78,50.61,50.61,2117012.0
2024-02-01,ENERGYCO,Energy,52.17,52.63,51.65,52.11,52.11,3343269.0
2024-02-02,ENERGYCO,Energy,54.77,55.72,53.76,54.71,54.71,3447118.0
2024-02-05,ENERGYCO,Energy,54.52,55.09,53.71,54.27,54.27,2867258.0
2024-02-06,ENERGYCO,Energy,52.74,53.67,51.66,52.58,52.58,3312858.0
2024-02-07,ENERGYCO,Energy,53.83,54.27,53.67,54.1,54.1,2211869.0
2024-02-08,ENERGYCO,Energy,55.4,56.31,54.23,55.14,55.14,2220691.0
2024-02-09,ENERGYCO,Energy,54.5,55.47,53.57,54.54,54.54,3045534.0
2024-02-12,ENERGYCO,Energy,53.38,54.74,52.45,53.8,53.8,2687257.0
2024-02-13,ENERGYCO,Energy,52.93,53.13,52.77,52.96,52.96,3382312.0
2024-02-14,ENERGYCO,Energy,52.69,52.98,52.26,52.55,52.55,1780476.0
2024-02-15,ENERGYCO,Energy,52.71,53.6,52.03,52.92,52.92,2078883.0
2024-02-16,ENERGYCO,Energy,52.54,52.72,52.08,52.26,52.26,2084178.0
2024-02-19,ENERGYCO,Energy,51.56,51.96,51.36,51.75,51.75,2542498.0
2024-02-20,ENERGYCO,Energy,52.39,52.82,52.06,52.49,52.49,2415862.0
2024-02-21,ENERGYCO,Energy,50.66,51.34,50.12,50.8,50.8,2557509.0
2024-02-22,ENERGYCO,Energy,50.03,50.94,49.47,50.38,50.38,2624364.0
2024-02-23,ENERGYCO,Energy,48.36,48.72,48.19,48.55,48.55,3435125.0
2024-02-26,ENERGYCO,Energy,48.52,48.93,48.25,48.66,48.66,1922725.0
2024-02-27,ENERGYCO,Energy,46.6,47.11,46.11,46.62,46.62,3513494.0
2024-02-28,ENERGYCO,Energy,46.97,48.11,46.41,47.54,47.54,3181091.0
2024-02-29,ENERGYCO,Energy,46.32,46.56,45.94,46.18,46.18,2549055.0
2024-03-01,ENERGYCO,Energy,48.08,48.51,47.51,47.94,47.94,2916761.0
2024-03-04,ENERGYCO,Energy,47.78,48.58,46.77,47.56,47.56,2186109.0
2024-03-05,ENERGYCO,Energy,49.09,50.27,48.21,49.39,49.39,3833406.0
2024-03-06,ENERGYCO,Energy,50.11,51.06,49.21,50.16,50.16,3198628.0
2024-03-07,ENERGYCO,Energy,48.26,49.04,47.3,48.08,48.08,3281146.0
2024-03-08,ENERGYCO,Energy,46.87,47.29,46.26,46.68,46.68,2737076.0
2024-03-11,ENERGYCO,Energy,46.54,47.16,45.65,46.27,46.27,2999548.0
2024-03-12,ENERGYCO,Energy,48.63,49.08,48.16,48.61,48.61,4805553.0
2024-03-13,ENERGYCO,Energy,47.6,48.21,46.99,47.61,47.61,3111641.0
2024-03-14,ENERGYCO,Energy,46.35,47.0,45.99,46.64,46.64,3645471.0
2024-03-15,ENERGYCO,Energy,48.44,49.03,47.65,48.23,48.23,3521606.0
2024-03-18,ENERGYCO,Energy,48.35,48.97,47.83,48.44,48.44,2604442.0
2024-03-19,ENERGYCO,Energy,49.58,49.75,49.41,49.58,49.58,2692873.0
2024-03-20,ENERGYCO,Energy,48.78,49.51,48.05,48.79,48.79,2562433.0
2024-03-21,ENERGYCO,Energy,48.21,48.83,48.05,48.67,48.67,1747126.0
2024-03-22,ENERGYCO,Energy,49.94,50.47,49.57,50.1,50.1,3661402.0
2024-03-25,ENERGYCO,Energy,50.03,50.19,49.79,49.94,49.94,2834724.0
2024-03-26,ENERGYCO,Energy,51.18,51.63,50.74,51.19,51.19,3151553.0
2024-03-27,ENERGYCO,Energy,51.72,51.93,51.42,51.63,51.63,2193166.0
2024-03-28,ENERGYCO,Energy,50.61,51.46,49.61,50.46,50.46,2294959.0
2024-03-29,ENERGYCO,Energy,50.27,50.9,49.81,50.44,50.44,1856298.0
2024-04-01,ENERGYCO,Energy,51.43,52.05,50.92,51.54,51.54,2419730.0
2024-04-02,ENERGYCO,Energy,52.27,52.73,51.84,52.3,52.3,2796658.0
2024-04-03,ENERGYCO,Energy,52.41,53.06,51.6,52.25,52.25,2759292.0
2024-04-04,ENERGYCO,Energy,50.07,50.86,49.33,50.12,50.12,2566915.0
2024-04-05,ENERGYCO,Energy,47.82,48.78,47.22,48.17,48.17,2417472.0
2024-04-08,ENERGYCO,Energy,46.48,47.17,45.81,46.51,46.51,3491679.0
2024-04-09,ENERGYCO,Energy,46.13,46.89,45.23,45.99,45.99,2188103.0
2024-04-10,ENERGYCO,Energy,45.85,46.59,44.88,45.61,45.61,2970302.0
2024-04-11,ENERGYCO,Energy,44.2,44.77,43.57,44.15,44.15,2881254.0
2024-04-12,ENERGYCO,Energy,44.88,45.43,44.6,45.15,45.15,2503111.0
2024-04-15,ENERGYCO,Energy,43.84,44.46,43.29,43.91,43.91,2636377.0
2024-04-16,ENERGYCO,Energy,42.68,43.13,42.15,42.6,42.6,2468995.0
2024-04-17,ENERGYCO,Energy,42.83,43.42,42.09,42.68,42.68,2316966.0
2024-04-18,ENERGYCO,Energy,43.69,44.37,42.93,43.6,43.6,2267197.0
2024-04-19,ENERGYCO,Energy,45.58,46.27,44.93,45.62,45.62,3411752.0
2024-04-22,ENERGYCO,Energy,46.37,47.1,45.49,46.21,46.21,2497559.0
2024-04-23,ENERGYCO,Energy,47.72,48.04,47.54,47.85,47.85,2314369.0
2024-04-24,ENERGYCO,Energy,46.62,46.78,46.42,46.58,46.58,2145687.0
2024-04-25,ENERGYCO,Energy,49.0,49.34,48.52,48.85,48.85,3688663.0
2024-04-26,ENERGYCO,Energy,46.99,47.77,46.11,46.89,46.89,3910492.0
2024-04-29,ENERGYCO,Energy,46.48,47.19,45.65,46.37,46.37,3174673.0
2024-04-30,ENERGYCO,Energy,47.05,47.67,46.32,46.94,46.94,2052665.0
2024-05-01,ENERGYCO,Energy,45.12,45.92,44.51,45.31,45.31,2521933.0
2024-05-02,ENERGYCO,Energy,44.39,45.01,43.77,44.39,44.39,2058078.0
2024-05-03,ENERGYCO,Energy,43.18,44.08,42.44,43.34,43.34,2817407.0
2024-05-06,ENERGYCO,Energy,42.99,43.7,42.32,43.04,43.04,2545421.0
2024-05-07,ENERGYCO,Energy,44.2,44.96,43.65,44.41,44.41,3782112.0
2024-05-08,ENERGYCO,Energy,44.48,45.06,43.84,44.42,44.42,2394759.0
2024-05-09,ENERGYCO,Energy,43.62,44.24,43.35,43.97,43.97,2045861.0
2024-05-10,ENERGYCO,Energy,41.36,41.89,40.73,41.26,41.26,4166716.0
2024-05-13,ENERGYCO,Energy,41.68,42.08,41.29,41.68,41.68,3085789.0
2024-05-14,ENERGYCO,Energy,42.74,42.96,42.19,42.41,42.41,2421655.0
2024-05-15,ENERGYCO,Energy,40.82,41.47,40.2,40.85,40.85,3377084.0
2024-05-16,ENERGYCO,Energy,40.75,41.22,40.32,40.79,40.79,2801198.0
2024-05-17,ENERGYCO,Energy,41.07,41.8,40.24,40.96,40.96,2604619.0
2024-05-20,ENERGYCO,Energy,41.81,42.14,41.51,41.84,41.84,3244050.0
2024-05-21,ENERGYCO,Energy,41.22,41.64,40.75,41.17,41.17,2271646.0
2024-05-22,ENERGYCO,Energy,40.55,40.94,39.99,40.39,40.39,2634872.0
2024-05-23,ENERGYCO,Energy,39.94,40.17,39.74,39.98,39.98,1854831.0
2024-05-24,ENERGYCO,Energy,41.32,41.71,40.74,41.13,41.13,3240546.0
2024-05-27,ENERGYCO,Energy,41.8,42.39,41.49,42.08,42.08,2194711.0
2024-05-28,ENERGYCO,Energy,42.33,42.56,41.83,42.06,42.06,2600549.0
2024-05-29,ENERGYCO,Energy,42.71,43.32,42.4,43.01,43.01,3402850.0
2024-05-30,ENERGYCO,Energy,41.04,41.31,40.56,40.82,40.82,3954588.0
2024-05-31,ENERGYCO,Energy,41.23,42.12,40.65,41.54,41.54,2121631.0
2024-06-03,ENERGYCO,Energy,40.85,40.99,40.39,40.53,40.53,2112953.0
2024-06-04,ENERGYCO,Energy,42.16,42.68,41.62,42.13,42.13,3978574.0
2024-06-05,ENERGYCO,Energy,41.0,41.75,40.41,41.16,41.16,3089162.0
2024-06-06,ENERGYCO,Energy,40.69,41.1,39.97,40.39,40.39,3110022.0
2024-06-07,ENERGYCO,Energy,40.71,41.58,40.02,40.89,40.89,2243942.0
2024-06-10,ENERGYCO,Energy,41.45,42.05,40.88,41.49,41.49,2625839.0
2024-06-11,ENERGYCO,Energy,41.51,42.1,40.49,41.08,41.08,2833760.0
2024-06-12,ENERGYCO,Energy,41.48,41.73,41.17,41.41,41.41,2354924.0
2024-06-13,ENERGYCO,Energy,41.53,42.48,40.92,41.87,41.87,2648111.0
2024-06-14,ENERGYCO,Energy,42.18,42.88,41.53,42.23,42.23,2845766.0
2024-06-17,ENERGYCO,Energy,41.79,42.2,41.44,41.85,41.85,2021278.0
2024-06-18,ENERGYCO,Energy,42.35,42.61,42.06,42.32,42.32,1851236.0
2024-06-19,ENERGYCO,Energy,43.64,44.03,43.26,43.65,43.65,3189712.0
2024-06-20,ENERGYCO,Energy,42.58,43.18,41.89,42.48,42.48,2235077.0
2024-06-21,ENERGYCO,Energy,41.45,42.09,41.06,41.7,41.7,3191500.0
2024-06-24,ENERGYCO,Energy,41.63,42.31,41.05,41.73,41.73,2450490.0
2024-06-25,ENERGYCO,Energy,40.81,41.01,40.57,40.76,40.76,3574307.0
2024-06-26,ENERGYCO,Energy,39.05,39.76,38.46,39.17,39.17,3745381.0
2024-06-27,ENERGYCO,Energy,40.3,40.58,39.85,40.13,40.13,2156909.0
2024-06-28,ENERGYCO,Energy,38.09,38.46,37.83,38.2,38.2,3213235.0
2024-07-01,ENERGYCO,Energy,37.88,38.33,37.41,37.86,37.86,2886388.0
2024-07-02,ENERGYCO,Energy,38.48,38.65,38.33,38.5,38.5,2145475.0
2024-07-03,ENERGYCO,Energy,38.57,38.86,38.44,38.72,38.72,2613276.0
2024-07-04,ENERGYCO,Energy,38.4,38.67,38.13,38.39,38.39,2833271.0
2024-07-05,ENERGYCO,Energy,37.28,37.89,36.86,37.47,37.47,2638719.0
2024-07-08,ENERGYCO,Energy,37.69,38.38,37.06,37.76,37.76,2134843.0
2024-07-09,ENERGYCO,Energy,36.95,37.53,36.36,36.94,36.94,2958114.0
2024-07-10,ENERGYCO,Energy,36.95,37.54,36.56,37.16,37.16,2840725.0
2024-07-11,ENERGYCO,Energy,37.36,37.5,37.14,37.27,37.27,1874133.0
2024-07-12,ENERGYCO,Energy,37.43,37.85,36.98,37.39,37.39,2849997.0
2024-07-15,ENERGYCO,Energy,36.95,37.45,36.37,36.87,36.87,2762288.0
2024-07-16,ENERGYCO,Energy,38.56,38.87,38.25,38.56,38.56,4611012.0
2024-07-17,ENERGYCO,Energy,38.68,39.04,38.5,38.86,38.86,1808845.0
2024-07-18,ENERGYCO,Energy,38.62,38.9,38.35,38.62,38.62,1821710.0
2024-07-19,ENERGYCO,Energy,38.94,39.51,38.28,38.85,38.85,2790792.0
2024-07-22,ENERGYCO,Energy,38.01,38.5,37.69,38.19,38.19,3295799.0
2024-07-23,ENERGYCO,Energy,37.69,38.44,37.12,37.86,37.86,2345396.0
2024-07-24,ENERGYCO,Energy,39.87,40.22,39.56,39.91,39.91,4289569.0
2024-07-25,ENERGYCO,Energy,39.18,39.45,38.97,39.24,39.24,3294100.0
2024-07-26,ENERGYCO,Energy,39.17,39.54,38.79,39.17,39.17,1600168.0
2024-07-29,ENERGYCO,Energy,38.73,39.16,38.35,38.78,38.78,2584596.0
2024-07-30,ENERGYCO,Energy,37.92,38.04,37.77,37.9,37.9,3510426.0
2024-07-31,ENERGYCO,Energy,38.43,38.62,38.07,38.25,38.25,2294672.0
2024-08-01,ENERGYCO,Energy,38.36,38.58,38.06,38.28,38.28,1914635.0
2024-08-02,ENERGYCO,Energy,39.06,39.24,38.87,39.05,39.05,3281441.0
2024-08-05,ENERGYCO,Energy,39.58,40.08,39.26,39.75,39.75,2449259.0
2024-08-06,ENERGYCO,Energy,40.43,41.26,39.73,40.55,40.55,1951141.0
2024-08-07,ENERGYCO,Energy,39.87,40.29,39.31,39.73,39.73,3582343.0
2024-08-08,ENERGYCO,Energy,40.22,40.8,39.72,40.3,40.3,2742007.0
2024-08-09,ENERGYCO,Energy,40.73,41.23,40.39,40.89,40.89,3116808.0
2024-08-12,ENERGYCO,Energy,40.32,40.63,39.67,39.98,39.98,3445331.0
2024-08-13,ENERGYCO,Energy,39.94,40.07,39.57,39.7,39.7,1758089.0
2024-08-14,ENERGYCO,Energy,38.42,38.85,38.02,38.44,38.44,2568268.0
2024-08-15,ENERGYCO,Energy,38.84,39.41,38.45,39.01,39.01,2321709.0
2024-08-16,ENERGYCO,Energy,39.7,39.91,39.37,39.59,39.59,2333884.0
2024-08-19,ENERGYCO,Energy,40.77,41.44,40.18,40.85,40.85,3446236.0
2024-08-20,ENERGYCO,Energy,40.79,41.21,40.22,40.65,40.65,2482921.0
2024-08-21,ENERGYCO,Energy,40.97,41.38,40.64,41.05,41.05,2457392.0
2024-08-22,ENERGYCO,Energy,42.23,42.45,41.73,41.95,41.95,2348262.0
2024-08-23,ENERGYCO,Energy,41.17,41.72,40.71,41.26,41.26,2498737.0
2024-08-26,ENERGYCO,Energy,40.82,41.41,39.86,40.44,40.44,2872389.0
2024-08-27,ENERGYCO,Energy,39.83,40.12,39.51,39.8,39.8,2615544.0
2024-08-28,ENERGYCO,Energy,39.71,39.96,39.25,39.49,39.49,1861937.0
2024-08-29,ENERGYCO,Energy,38.66,39.16,38.24,38.74,38.74,3022325.0
2024-08-30,ENERGYCO,Energy,37.96,38.37,37.76,38.16,38.16,1960522.0
2024-09-02,ENERGYCO,Energy,38.55,39.42,38.05,38.91,38.91,2563847.0
2024-09-03,ENERGYCO,Energy,39.02,39.49,38.36,38.83,38.83,2497148.0
2024-09-04,ENERGYCO,Energy,39.1,39.27,38.92,39.09,39.09,1682785.0
2024-09-05,ENERGYCO,Energy,38.42,38.75,38.28,38.61,38.61,2649514.0
2024-09-06,ENERGYCO,Energy,38.29,38.76,37.62,38.09,38.09,2332828.0
2024-09-09,ENERGYCO,Energy,38.51,38.79,38.05,38.33,38.33,1656391.0
2024-09-10,ENERGYCO,Energy,38.65,38.81,38.27,38.43,38.43,1820386.0
2024-09-11,ENERGYCO,Energy,38.89,39.66,38.33,39.1,39.1,3407007.0
2024-09-12,ENERGYCO,Energy,40.43,40.75,39.92,40.23,40.23,3096512.0
2024-09-13,ENERGYCO,Energy,39.68,40.08,39.23,39.62,39.62,3432882.0
2024-09-16,ENERGYCO,Energy,40.61,40.88,40.12,40.38,40.38,2793228.0
2024-09-17,ENERGYCO,Energy,39.52,40.01,38.94,39.43,39.43,3002509.0
2024-09-18,ENERGYCO,Energy,41.3,41.61,40.96,41.27,41.27,3353465.0
2024-09-19,ENERGYCO,Energy,40.77,41.48,39.85,40.56,40.56,2403406.0
2024-09-20,ENERGYCO,Energy,41.32,41.88,40.62,41.18,41.18,2240621.0
2024-09-23,ENERGYCO,Energy,40.38,40.58,40.0,40.2,40.2,2655457.0
2024-09-24,ENERGYCO,Energy,39.99,40.44,39.62,40.07,40.07,2203007.0
2024-09-25,ENERGYCO,Energy,41.43,41.82,41.06,41.46,41.46,2629634.0
2024-09-26,ENERGYCO,Energy,40.43,41.16,39.99,40.71,40.71,2283750.0
2024-09-27,ENERGYCO,Energy,42.64,43.41,41.98,42.74,42.74,3170870.0
2024-09-30,ENERGYCO,Energy,42.87,43.37,42.23,42.73,42.73,2087375.0
2024-10-01,ENERGYCO,Energy,43.76,43.93,43.49,43.66,43.66,3091626.0
2024-10-02,ENERGYCO,Energy,43.87,44.61,43.31,44.05,44.05,2950777.0
2024-10-03,ENERGYCO,Energy,44.72,44.86,44.35,44.49,44.49,2153929.0
2024-10-04,ENERGYCO,Energy,43.62,44.27,42.48,43.11,43.11,2575154.0
2024-10-07,ENERGYCO,Energy,42.51,43.22,41.96,42.66,42.66,2306038.0
2024-10-08,ENERGYCO,Energy,43.76,44.13,43.43,43.8,43.8,3691002.0
2024-10-09,ENERGYCO,Energy,43.36,43.79,43.04,43.47,43.47,1690445.0
2024-10-10,ENERGYCO,Energy,43.58,44.25,42.93,43.6,43.6,2484323.0
2024-10-11,ENERGYCO,Energy,42.18,42.8,41.51,42.13,42.13,3222538.0
2024-10-14,ENERGYCO,Energy,41.52,41.98,41.18,41.64,41.64,2018096.0
2024-10-15,ENERGYCO,Energy,42.63,43.0,42.31,42.68,42.68,2619127.0
2024-10-16,ENERGYCO,Energy,41.5,41.97,41.01,41.49,41.49,2566082.0
2024-10-17,ENERGYCO,Energy,42.22,42.36,42.01,42.15,42.15,3252777.0
2024-10-18,ENERGYCO,Energy,42.56,42.74,42.13,42.31,42.31,2247614.0
2024-10-21,ENERGYCO,Energy,42.08,42.29,41.88,42.09,42.09,2404935.0
2024-10-22,ENERGYCO,Energy,41.73,42.07,41.49,41.83,41.83,2480646.0
2024-10-23,ENERGYCO,Energy,41.49,41.93,40.93,41.37,41.37,2709271.0
2024-10-24,ENERGYCO,Energy,41.07,41.81,40.27,41.01,41.01,2429475.0
2024-10-25,ENERGYCO,Energy,41.82,42.39,41.29,41.85,41.85,1990021.0
2024-10-28,ENERGYCO,Energy,41.54,41.7,41.29,41.46,41.46,2213825.0
2024-10-29,ENERGYCO,Energy,43.07,43.61,42.6,43.14,43.14,2759174.0
2024-10-30,ENERGYCO,Energy,43.33,43.88,42.88,43.42,43.42,2613264.0
2024-10-31,ENERGYCO,Energy,42.55,43.09,42.33,42.87,42.87,1879918.0
2024-11-01,ENERGYCO,Energy,43.74,44.54,43.01,43.8,43.8,2938688.0
2024-11-04,ENERGYCO,Energy,44.09,44.83,43.67,44.41,44.41,2137372.0
2024-11-05,ENERGYCO,Energy,42.7,43.58,41.94,42.81,42.81,4246935.0
2024-11-06,ENERGYCO,Energy,41.94,42.33,41.46,41.85,41.85,2607017.0
2024-11-07,ENERGYCO,Energy,41.49,42.24,40.98,41.74,41.74,1997275.0
2024-11-08,ENERGYCO,Energy,40.27,40.49,40.09,40.3,40.3,4130677.0
2024-11-11,ENERGYCO,Energy,42.21,42.63,41.79,42.2,42.2,3419146.0
2024-11-12,ENERGYCO,Energy,42.93,43.26,42.65,42.97,42.97,3481890.0
2024-11-13,ENERGYCO,Energy,42.88,43.63,42.21,42.96,42.96,1542355.0
2024-11-14,ENERGYCO,Energy,42.69,43.32,42.0,42.63,42.63,2115415.0
2024-11-15,ENERGYCO,Energy,42.15,42.8,41.43,42.07,42.07,2835020.0
2024-11-18,ENERGYCO,Energy,40.29,40.85,39.73,40.29,40.29,4413294.0
2024-11-19,ENERGYCO,Energy,38.71,39.38,38.11,38.78,38.78,2906393.0
2024-11-20,ENERGYCO,Energy,40.57,40.82,40.19,40.43,40.43,4364747.0
2024-11-21,ENERGYCO,Energy,41.64,42.27,41.23,41.86,41.86,3428146.0
2024-11-22,ENERGYCO,Energy,41.44,42.0,40.78,41.33,41.33,3023256.0
2024-11-25,ENERGYCO,Energy,42.23,42.76,41.63,42.16,42.16,2613100.0
2024-11-26,ENERGYCO,Energy,42.67,43.26,42.05,42.63,42.63,2071595.0
2024-11-27,ENERGYCO,Energy,43.22,43.5,42.95,43.22,43.22,3224952.0
2024-11-28,ENERGYCO,Energy,41.57,42.07,41.38,41.88,41.88,4003383.0
2024-11-29,ENERGYCO,Energy,40.47,41.15,39.57,40.25,40.25,3454482.0
2024-12-02,ENERGYCO,Energy,41.45,41.92,40.84,41.31,41.31,2094422.0
2024-12-03,ENERGYCO,Energy,39.39,39.75,39.18,39.54,39.54,2746600.0
2024-12-04,ENERGYCO,Energy,39.53,40.12,38.82,39.41,39.41,2353399.0
2024-12-05,ENERGYCO,Energy,39.12,39.77,38.44,39.09,39.09,1722396.0
2024-12-06,ENERGYCO,Energy,38.6,38.91,38.39,38.69,38.69,2324440.0
2024-12-09,ENERGYCO,Energy,39.15,39.75,38.37,38.96,38.96,2089408.0
2024-12-10,ENERGYCO,Energy,38.32,39.04,37.67,38.38,38.38,2972865.0
2024-12-11,ENERGYCO,Energy,38.93,39.59,38.06,38.72,38.72,1779227.0
2024-12-12,ENERGYCO,Energy,38.92,39.57,38.19,38.84,38.84,2231216.0
2024-12-13,ENERGYCO,Energy,40.83,41.29,40.22,40.67,40.67,3774151.0
2024-12-16,ENERGYCO,Energy,39.54,39.87,39.12,39.45,39.45,3370020.0
2024-12-17,ENERGYCO,Energy,39.56,39.68,39.35,39.47,39.47,2043760.0
2024-12-18,ENERGYCO,Energy,39.88,40.04,39.69,39.85,39.85,2163513.0
2024-12-19,ENERGYCO,Energy,39.51,39.99,39.13,39.62,39.62,2587141.0
2024-12-20,ENERGYCO,Energy,38.48,38.82,38.12,38.47,38.47,3762274.0
2024-12-23,ENERGYCO,Energy,39.69,39.92,39.32,39.55,39.55,3378635.0
2024-12-24,ENERGYCO,Energy,39.96,40.31,39.48,39.84,39.84,3003013.0
2024-12-25,ENERGYCO,Energy,38.82,39.04,38.52,38.74,38.74,3460895.0
2024-12-26,ENERGYCO,Energy,38.79,39.73,38.18,39.12,39.12,2846394.0
2024-12-27,ENERGYCO,Energy,40.58,40.91,40.27,40.61,40.61,2668530.0
2024-12-30,ENERGYCO,Energy,40.52,41.06,40.04,40.58,40.58,2069978.0
2024-12-31,ENERGYCO,Energy,40.39,41.0,39.97,40.57,40.57,2131457.0
2022-01-03,PHARMAB,Healthcare,109.26,110.76,108.51,110.0,110.0,10317223.0
2022-01-04,PHARMAB,Healthcare,111.58,112.69,110.69,111.79,111.79,11986195.0
2022-01-05,PHARMAB,Healthcare,112.83,114.4,111.74,113.31,113.31,10662282.0
2022-01-06,PHARMAB,Healthcare,112.03,113.26,110.69,111.91,111.91,7667575.0
2022-01-07,PHARMAB,Healthcare,114.35,115.47,113.09,114.21,114.21,12014299.0
2022-01-10,PHARMAB,Healthcare,114.46,116.42,113.27,115.22,115.22,10411899.0
2022-01-11,PHARMAB,Healthcare,116.07,116.94,114.85,115.72,115.72,8231185.0
2022-01-12,PHARMAB,Healthcare,115.87,117.02,115.25,116.39,116.39,11035511.0
2022-01-13,PHARMAB,Healthcare,116.94,117.37,115.78,116.21,116.21,6624851.0
2022-01-14,PHARMAB,Healthcare,115.57,116.27,114.88,115.59,115.59,7530480.0
2022-01-17,PHARMAB,Healthcare,114.53,116.46,113.19,115.11,115.11,6347318.0
2022-01-18,PHARMAB,Healthcare,116.51,118.78,114.79,117.05,117.05,11897452.0
2022-01-19,PHARMAB,Healthcare,117.38,118.03,116.57,117.22,117.22,8880808.0
2022-01-20,PHARMAB,Healthcare,117.51,118.24,116.97,117.69,117.69,7629360.0
2022-01-21,PHARMAB,Healthcare,117.79,119.52,116.12,117.84,117.84,6581282.0
2022-01-24,PHARMAB,Healthcare,117.66,118.55,116.02,116.91,116.91,6561890.0
2022-01-25,PHARMAB,Healthcare,113.52,115.81,111.56,113.84,113.84,9091721.0
2022-01-26,PHARMAB,Healthcare,115.03,116.61,113.43,115.01,115.01,9060726.0
2022-01-27,PHARMAB,Healthcare,116.68,117.61,115.11,116.02,116.02,7771744.0
2022-01-28,PHARMAB,Healthcare,116.19,117.04,115.21,116.06,116.06,6958425.0
2022-01-31,PHARMAB,Healthcare,113.8,115.78,112.56,114.53,114.53,11904454.0
2022-02-01,PHARMAB,Healthcare,117.49,117.98,116.76,117.25,117.25,11003691.0
2022-02-02,PHARMAB,Healthcare,116.26,117.36,115.7,116.8,116.8,9736818.0
2022-02-03,PHARMAB,Healthcare,117.88,118.55,116.56,117.22,117.22,6154709.0
2022-02-04,PHARMAB,Healthcare,115.86,117.94,114.17,116.24,116.24,8379047.0
2022-02-07,PHARMAB,Healthcare,115.7,116.94,113.11,114.34,114.34,9991609.0
2022-02-08,PHARMAB,Healthcare,115.92,116.29,114.88,115.25,115.25,7347670.0
2022-02-09,PHARMAB,Healthcare,112.78,114.62,111.3,113.14,113.14,7993914.0
2022-02-10,PHARMAB,Healthcare,113.53,114.59,112.46,113.52,113.52,10391012.0
2022-02-11,PHARMAB,Healthcare,114.25,115.47,112.69,113.91,113.91,10749244.0
2022-02-14,PHARMAB,Healthcare,112.72,113.42,111.67,112.37,112.37,7294206.0
2022-02-15,PHARMAB,Healthcare,110.79,112.04,109.35,110.6,110.6,9126124.0
2022-02-16,PHARMAB,Healthcare,110.13,112.08,107.64,109.58,109.58,11755796.0
2022-02-17,PHARMAB,Healthcare,108.72,109.22,108.27,108.77,108.77,6749112.0
2022-02-18,PHARMAB,Healthcare,106.59,107.52,105.82,106.75,106.75,11294529.0
2022-02-21,PHARMAB,Healthcare,105.15,105.99,104.45,105.29,105.29,12537258.0
2022-02-22,PHARMAB,Healthcare,105.81,106.52,104.73,105.44,105.44,10640790.0
2022-02-23,PHARMAB,Healthcare,108.33,109.27,107.23,108.17,108.17,10963998.0
2022-02-24,PHARMAB,Healthcare,109.73,111.41,107.93,109.61,109.61,7723854.0
2022-02-25,PHARMAB,Healthcare,110.23,112.07,108.05,109.88,109.88,6896458.0
2022-02-28,PHARMAB,Healthcare,110.59,112.18,109.92,111.51,111.51,12171473.0
2022-03-01,PHARMAB,Healthcare,113.34,114.6,111.93,113.2,113.2,12353152.0
2022-03-02,PHARMAB,Healthcare,112.91,114.33,111.4,112.82,112.82,9054362.0
2022-03-03,PHARMAB,Healthcare,113.99,115.23,112.01,113.24,113.24,9910849.0
2022-03-04,PHARMAB,Healthcare,113.99,115.79,112.91,114.7,114.7,11025871.0
2022-03-07,PHARMAB,Healthcare,117.1,117.79,115.69,116.37,116.37,10800259.0
2022-03-08,PHARMAB,Healthcare,118.12,119.34,116.87,118.09,118.09,11794863.0
2022-03-09,PHARMAB,Healthcare,116.85,117.91,115.57,116.63,116.63,10687064.0
2022-03-10,PHARMAB,Healthcare,119.22,121.0,116.65,118.42,118.42,10138435.0
2022-03-11,PHARMAB,Healthcare,121.56,123.31,119.53,121.28,121.28,9230487.0
2022-03-14,PHARMAB,Healthcare,123.84,124.47,123.03,123.65,123.65,11938384.0
2022-03-15,PHARMAB,Healthcare,122.14,122.67,121.5,122.03,122.03,9553152.0
2022-03-16,PHARMAB,Healthcare,119.81,122.04,117.82,120.04,120.04,8854906.0
2022-03-17,PHARMAB,Healthcare,120.79,122.14,119.46,120.81,120.81,10466998.0
2022-03-18,PHARMAB,Healthcare,122.78,125.09,120.83,123.13,123.13,11612410.0
2022-03-21,PHARMAB,Healthcare,123.52,124.02,123.04,123.54,123.54,10727451.0
2022-03-22,PHARMAB,Healthcare,122.08,124.58,120.75,123.24,123.24,6711048.0
2022-03-23,PHARMAB,Healthcare,123.37,124.73,121.79,123.15,123.15,8906436.0
2022-03-24,PHARMAB,Healthcare,124.75,126.79,122.76,124.81,124.81,8213724.0
2022-03-25,PHARMAB,Healthcare,124.19,124.92,123.64,124.36,124.36,10594850.0
2022-03-28,PHARMAB,Healthcare,125.29,126.11,124.35,125.18,125.18,6750291.0
2022-03-29,PHARMAB,Healthcare,124.31,126.17,123.18,125.03,125.03,9007909.0
2022-03-30,PHARMAB,Healthcare,124.65,126.65,121.72,123.7,123.7,11044782.0
2022-03-31,PHARMAB,Healthcare,122.21,124.35,120.12,122.26,122.26,8694772.0
2022-04-01,PHARMAB,Healthcare,123.06,125.33,120.86,123.13,123.13,11392365.0
2022-04-04,PHARMAB,Healthcare,118.6,121.13,116.54,119.06,119.06,14821283.0
2022-04-05,PHARMAB,Healthcare,119.85,120.22,119.47,119.84,119.84,7788271.0
2022-04-06,PHARMAB,Healthcare,120.3,120.75,119.19,119.64,119.64,5846054.0
2022-04-07,PHARMAB,Healthcare,121.63,122.27,120.5,121.13,121.13,8420218.0
2022-04-08,PHARMAB,Healthcare,122.53,123.54,121.1,122.11,122.11,7878571.0
2022-04-11,PHARMAB,Healthcare,122.5,124.4,120.35,122.24,122.24,10143957.0
2022-04-12,PHARMAB,Healthcare,120.49,122.64,118.51,120.66,120.66,12392691.0
2022-04-13,PHARMAB,Healthcare,118.5,119.88,117.81,119.19,119.19,7122671.0
2022-04-14,PHARMAB,Healthcare,118.18,119.73,116.73,118.28,118.28,8871406.0
2022-04-15,PHARMAB,Healthcare,119.52,121.64,117.52,119.64,119.64,9747869.0
2022-04-18,PHARMAB,Healthcare,122.91,124.13,121.17,122.39,122.39,8182283.0
2022-04-19,PHARMAB,Healthcare,123.11,123.67,122.4,122.96,122.96,8019472.0
2022-04-20,PHARMAB,Healthcare,122.9,124.11,120.9,122.11,122.11,7959699.0
2022-04-21,PHARMAB,Healthcare,122.0,123.06,120.37,121.42,121.42,8970539.0
2022-04-22,PHARMAB,Healthcare,120.59,122.22,119.18,120.81,120.81,9552179.0
2022-04-25,PHARMAB,Healthcare,121.58,123.64,120.42,122.46,122.46,10920497.0
2022-04-26,PHARMAB,Healthcare,122.49,122.89,121.42,121.81,121.81,6835078.0
2022-04-27,PHARMAB,Healthcare,122.47,124.66,119.62,121.81,121.81,9625117.0
2022-04-28,PHARMAB,Healthcare,123.27,125.33,121.89,123.95,123.95,11282920.0
2022-04-29,PHARMAB,Healthcare,123.86,125.12,121.88,123.12,123.12,10986900.0
2022-05-02,PHARMAB,Healthcare,124.24,126.39,121.9,124.05,124.05,8727463.0
2022-05-03,PHARMAB,Healthcare,125.6,126.27,124.85,125.52,125.52,11771543.0
2022-05-04,PHARMAB,Healthcare,126.49,127.23,124.95,125.68,125.68,10059710.0
2022-05-05,PHARMAB,Healthcare,129.57,131.53,126.93,128.88,128.88,10693343.0
2022-05-06,PHARMAB,Healthcare,132.02,132.93,130.76,131.67,131.67,9911175.0
2022-05-09,PHARMAB,Healthcare,132.42,134.41,130.19,132.17,132.17,10775275.0
2022-05-10,PHARMAB,Healthcare,131.23,132.15,129.98,130.9,130.9,10468990.0
2022-05-11,PHARMAB,Healthcare,129.52,130.18,129.06,129.72,129.72,11562677.0
2022-05-12,PHARMAB,Healthcare,130.1,131.53,128.71,130.13,130.13,9987489.0
2022-05-13,PHARMAB,Healthcare,127.96,129.18,127.19,128.42,128.42,10351943.0
2022-05-16,PHARMAB,Healthcare,128.74,130.77,126.9,128.92,128.92,6589202.0
2022-05-17,PHARMAB,Healthcare,131.56,133.41,129.9,131.75,131.75,9366688.0
2022-05-18,PHARMAB,Healthcare,131.58,134.14,129.36,131.92,131.92,10567984.0
2022-05-19,PHARMAB,Healthcare,132.02,133.97,130.0,131.95,131.95,7243209.0
2022-05-20,PHARMAB,Healthcare,133.27,134.2,132.5,133.44,133.44,7143650.0
2022-05-23,PHARMAB,Healthcare,134.66,136.68,132.37,134.39,134.39,10066972.0
2022-05-24,PHARMAB,Healthcare,131.66,134.19,130.0,132.52,132.52,11181913.0
2022-05-25,PHARMAB,Healthcare,131.77,133.54,130.05,131.82,131.82,7610377.0
2022-05-26,PHARMAB,Healthcare,135.14,137.24,132.98,135.07,135.07,9676835.0
2022-05-27,PHARMAB,Healthcare,135.52,137.27,133.95,135.69,135.69,8487481.0
2022-05-30,PHARMAB,Healthcare,133.95,135.39,132.62,134.05,134.05,6835050.0
2022-05-31,PHARMAB,Healthcare,132.94,135.47,131.27,133.79,133.79,9776504.0
2022-06-01,PHARMAB,Healthcare,131.06,132.04,129.9,130.88,130.88,9608602.0
2022-06-02,PHARMAB,Healthcare,128.24,128.98,127.18,127.91,127.91,13226150.0
2022-06-03,PHARMAB,Healthcare,129.82,131.41,127.98,129.57,129.57,11396265.0
2022-06-06,PHARMAB,Healthcare,130.16,131.01,128.78,129.62,129.62,8934303.0
2022-06-07,PHARMAB,Healthcare,130.64,131.19,129.98,130.53,130.53,8003396.0
2022-06-08,PHARMAB,Healthcare,132.77,133.17,132.11,132.51,132.51,10006885.0
2022-06-09,PHARMAB,Healthcare,133.23,134.84,131.53,133.14,133.14,8383259.0
2022-06-10,PHARMAB,Healthcare,134.81,135.95,133.31,134.44,134.44,8372116.0
2022-06-13,PHARMAB,Healthcare,134.09,136.87,132.18,134.95,134.95,10330026.0
2022-06-14,PHARMAB,Healthcare,136.72,138.4,135.55,137.22,137.22,10003380.0
2022-06-15,PHARMAB,Healthcare,141.27,142.73,138.94,140.38,140.38,12996641.0
2022-06-16,PHARMAB,Healthcare,139.42,142.09,138.15,140.8,140.8,6453861.0
2022-06-17,PHARMAB,Healthcare,141.07,142.95,139.27,141.15,141.15,6585356.0
2022-06-20,PHARMAB,Healthcare,142.45,143.64,140.61,141.79,141.79,11115532.0
2022-06-21,PHARMAB,Healthcare,141.61,144.14,139.14,141.67,141.67,8629892.0
2022-06-22,PHARMAB,Healthcare,140.79,143.42,138.39,141.02,141.02,8700991.0
2022-06-23,PHARMAB,Healthcare,143.04,145.29,140.72,142.96,142.96,9880069.0
2022-06-24,PHARMAB,Healthcare,142.11,144.71,139.73,142.32,142.32,7170760.0
2022-06-27,PHARMAB,Healthcare,141.58,142.96,140.19,141.57,141.57,9883343.0
2022-06-28,PHARMAB,Healthcare,142.85,144.83,141.28,143.25,143.25,7146899.0
2022-06-29,PHARMAB,Healthcare,145.73,147.79,143.04,145.09,145.09,10057982.0
2022-06-30,PHARMAB,Healthcare,150.34,152.36,147.48,149.49,149.49,12163694.0
2022-07-01,PHARMAB,Healthcare,151.79,154.36,149.31,151.87,151.87,12488780.0
2022-07-04,PHARMAB,Healthcare,152.69,155.65,150.59,153.54,153.54,9558108.0
2022-07-05,PHARMAB,Healthcare,155.18,158.3,152.39,155.5,155.5,7531734.0
2022-07-06,PHARMAB,Healthcare,155.17,156.56,153.89,155.29,155.29,8623735.0
2022-07-07,PHARMAB,Healthcare,156.78,159.21,154.04,156.46,156.46,6799892.0
2022-07-08,PHARMAB,Healthcare,157.11,159.87,154.99,157.75,157.75,7466999.0
2022-07-11,PHARMAB,Healthcare,156.26,158.84,154.17,156.75,156.75,6373391.0
2022-07-12,PHARMAB,Healthcare,157.04,158.28,155.49,156.72,156.72,8176271.0
2022-07-13,PHARMAB,Healthcare,159.29,161.64,156.35,158.69,158.69,7206773.0
2022-07-14,PHARMAB,Healthcare,158.34,161.35,155.72,158.73,158.73,7974834.0
2022-07-15,PHARMAB,Healthcare,159.18,161.04,158.18,160.03,160.03,11443492.0
2022-07-18,PHARMAB,Healthcare,164.06,166.09,159.92,161.93,161.93,10770524.0
2022-07-19,PHARMAB,Healthcare,164.26,165.72,162.3,163.75,163.75,7050377.0
2022-07-20,PHARMAB,Healthcare,167.26,170.43,164.28,167.44,167.44,8987703.0
2022-07-21,PHARMAB,Healthcare,166.88,168.58,164.61,166.3,166.3,9859103.0
2022-07-22,PHARMAB,Healthcare,169.77,170.95,168.68,169.86,169.86,13157195.0
2022-07-25,PHARMAB,Healthcare,171.55,173.05,169.46,170.96,170.96,6388025.0
2022-07-26,PHARMAB,Healthcare,172.95,175.17,170.63,172.84,172.84,11187040.0
2022-07-27,PHARMAB,Healthcare,174.52,175.24,173.73,174.45,174.45,9554996.0
2022-07-28,PHARMAB,Healthcare,175.88,178.08,173.76,175.96,175.96,9389248.0
2022-07-29,PHARMAB,Healthcare,173.63,177.6,170.68,174.64,174.64,11491530.0
2022-08-01,PHARMAB,Healthcare,177.85,180.65,173.7,176.48,176.48,10756817.0
2022-08-02,PHARMAB,Healthcare,172.74,174.09,172.05,173.4,173.4,12411382.0
2022-08-03,PHARMAB,Healthcare,177.15,181.31,173.98,178.12,178.12,10322910.0
2022-08-04,PHARMAB,Healthcare,178.91,181.48,176.5,179.06,179.06,9019632.0
2022-08-05,PHARMAB,Healthcare,181.09,182.77,180.1,181.79,181.79,10599421.0
2022-08-08,PHARMAB,Healthcare,183.4,184.03,182.82,183.44,183.44,8206526.0
2022-08-09,PHARMAB,Healthcare,184.12,185.14,182.59,183.61,183.61,8554215.0
2022-08-10,PHARMAB,Healthcare,183.18,186.03,179.61,182.45,182.45,7465396.0
2022-08-11,PHARMAB,Healthcare,181.46,182.06,180.27,180.87,180.87,7198850.0
2022-08-12,PHARMAB,Healthcare,182.52,183.93,181.33,182.74,182.74,8632006.0
2022-08-15,PHARMAB,Healthcare,184.55,187.2,181.86,184.51,184.51,10588134.0
2022-08-16,PHARMAB,Healthcare,186.2,188.4,183.71,185.9,185.9,11251395.0
2022-08-17,PHARMAB,Healthcare,184.41,188.45,181.69,185.71,185.71,8008435.0
2022-08-18,PHARMAB,Healthcare,187.2,189.86,184.12,186.77,186.77,9535125.0
2022-08-19,PHARMAB,Healthcare,184.79,186.57,184.09,185.87,185.87,6616410.0
2022-08-22,PHARMAB,Healthcare,185.87,188.92,181.35,184.37,184.37,11286206.0
2022-08-23,PHARMAB,Healthcare,183.52,184.99,182.34,183.81,183.81,8809778.0
2022-08-24,PHARMAB,Healthcare,183.23,185.43,181.16,183.36,183.36,9805894.0
2022-08-25,PHARMAB,Healthcare,186.29,189.23,183.93,186.86,186.86,12202663.0
2022-08-26,PHARMAB,Healthcare,183.3,184.78,182.29,183.77,183.77,8660036.0
2022-08-29,PHARMAB,Healthcare,185.45,188.72,180.53,183.78,183.78,8243627.0
2022-08-30,PHARMAB,Healthcare,186.03,187.95,183.42,185.33,185.33,11633789.0
2022-08-31,PHARMAB,Healthcare,188.94,190.85,188.21,190.12,190.12,8405055.0
2022-09-01,PHARMAB,Healthcare,189.9,193.14,185.54,188.76,188.76,9954107.0
2022-09-02,PHARMAB,Healthcare,187.1,189.31,184.02,186.21,186.21,12460623.0
2022-09-05,PHARMAB,Healthcare,187.8,190.54,185.26,188.01,188.01,8145634.0
2022-09-06,PHARMAB,Healthcare,188.72,190.77,186.44,188.49,188.49,10226719.0
2022-09-07,PHARMAB,Healthcare,188.04,190.97,185.12,188.05,188.05,10553854.0
2022-09-08,PHARMAB,Healthcare,190.68,191.34,188.52,189.18,189.18,10127132.0
2022-09-09,PHARMAB,Healthcare,190.73,192.68,189.39,191.34,191.34,7937491.0
2022-09-12,PHARMAB,Healthcare,193.33,195.27,191.28,193.22,193.22,8350344.0
2022-09-13,PHARMAB,Healthcare,193.71,194.85,192.91,194.05,194.05,6213999.0
2022-09-14,PHARMAB,Healthcare,196.25,200.07,193.59,197.39,197.39,12167468.0
2022-09-15,PHARMAB,Healthcare,199.71,201.49,196.21,197.97,197.97,10227080.0
2022-09-16,PHARMAB,Healthcare,197.24,199.58,195.84,198.17,198.17,8872622.0
2022-09-19,PHARMAB,Healthcare,200.23,200.85,199.45,200.06,200.06,8421468.0
2022-09-20,PHARMAB,Healthcare,195.63,199.72,192.93,197.0,197.0,7445525.0
2022-09-21,PHARMAB,Healthcare,198.31,201.71,195.24,198.63,198.63,10470365.0
2022-09-22,PHARMAB,Healthcare,198.3,200.07,196.2,197.97,197.97,9656669.0
2022-09-23,PHARMAB,Healthcare,194.13,197.0,191.9,194.77,194.77,12584631.0
2022-09-26,PHARMAB,Healthcare,196.37,197.63,194.65,195.91,195.91,10017991.0
2022-09-27,PHARMAB,Healthcare,194.66,197.28,192.26,194.87,194.87,10463000.0
2022-09-28,PHARMAB,Healthcare,191.93,192.54,190.43,191.04,191.04,12084542.0
2022-09-29,PHARMAB,Healthcare,190.08,192.04,187.09,189.05,189.05,10111210.0
2022-09-30,PHARMAB,Healthcare,192.75,195.65,190.31,193.21,193.21,10239234.0
2022-10-03,PHARMAB,Healthcare,192.01,195.23,188.73,191.95,191.95,11035996.0
2022-10-04,PHARMAB,Healthcare,192.96,194.64,191.14,192.82,192.82,9428221.0
2022-10-05,PHARMAB,Healthcare,190.77,193.53,187.54,190.3,190.3,9113789.0
2022-10-06,PHARMAB,Healthcare,195.5,197.84,193.15,195.49,195.49,8492786.0
2022-10-07,PHARMAB,Healthcare,195.91,199.22,192.45,195.76,195.76,7221239.0
2022-10-10,PHARMAB,Healthcare,193.98,195.91,192.24,194.17,194.17,9325557.0
2022-10-11,PHARMAB,Healthcare,196.53,198.06,194.91,196.44,196.44,8219483.0
2022-10-12,PHARMAB,Healthcare,202.72,206.03,198.39,201.68,201.68,9365774.0
2022-10-13,PHARMAB,Healthcare,201.26,202.01,199.99,200.74,200.74,8804925.0
2022-10-14,PHARMAB,Healthcare,199.62,200.62,198.05,199.06,199.06,7311637.0
2022-10-17,PHARMAB,Healthcare,205.59,206.46,204.13,205.0,205.0,13704252.0
2022-10-18,PHARMAB,Healthcare,204.65,207.98,201.45,204.78,204.78,8147294.0
2022-10-19,PHARMAB,Healthcare,204.53,205.17,203.62,204.27,204.27,8771241.0
2022-10-20,PHARMAB,Healthcare,198.05,202.08,194.9,198.92,198.92,8956678.0
2022-10-21,PHARMAB,Healthcare,199.94,201.89,196.98,198.93,198.93,7248192.0
2022-10-24,PHARMAB,Healthcare,193.47,196.25,192.88,195.65,195.65,9581400.0
2022-10-25,PHARMAB,Healthcare,194.3,196.12,192.55,194.37,194.37,10541259.0
2022-10-26,PHARMAB,Healthcare,190.45,191.56,188.49,189.59,189.59,12964313.0
2022-10-27,PHARMAB,Healthcare,191.6,195.03,189.23,192.65,192.65,8359740.0
2022-10-28,PHARMAB,Healthcare,189.52,192.02,186.72,189.21,189.21,11017981.0
2022-10-31,PHARMAB,Healthcare,184.23,186.64,182.33,184.73,184.73,9341231.0
2022-11-01,PHARMAB,Healthcare,182.45,183.38,181.79,182.72,182.72,12196828.0
2022-11-02,PHARMAB,Healthcare,186.4,188.8,183.31,185.7,185.7,12769419.0
2022-11-03,PHARMAB,Healthcare,184.9,187.79,181.86,184.75,184.75,9049979.0
2022-11-04,PHARMAB,Healthcare,182.62,186.66,180.09,184.11,184.11,9529581.0
2022-11-07,PHARMAB,Healthcare,184.59,188.18,181.74,185.32,185.32,10487988.0
2022-11-08,PHARMAB,Healthcare,185.77,186.89,183.94,185.05,185.05,9365257.0
2022-11-09,PHARMAB,Healthcare,188.39,191.46,184.98,188.05,188.05,11233091.0
2022-11-10,PHARMAB,Healthcare,188.88,190.36,186.1,187.57,187.57,10715779.0
2022-11-11,PHARMAB,Healthcare,188.39,189.0,186.53,187.13,187.13,8863435.0
2022-11-14,PHARMAB,Healthcare,192.38,195.65,189.36,192.64,192.64,12511176.0
2022-11-15,PHARMAB,Healthcare,194.8,198.13,189.56,192.87,192.87,9962721.0
2022-11-16,PHARMAB,Healthcare,193.54,196.02,191.03,193.52,193.52,9371238.0
2022-11-17,PHARMAB,Healthcare,192.35,194.35,191.11,193.1,193.1,9527113.0
2022-11-18,PHARMAB,Healthcare,186.89,188.64,185.63,187.37,187.37,9923663.0
2022-11-21,PHARMAB,Healthcare,187.82,191.43,185.94,189.53,189.53,8747417.0
2022-11-22,PHARMAB,Healthcare,194.87,198.08,190.44,193.63,193.63,8407993.0
2022-11-23,PHARMAB,Healthcare,198.07,199.11,195.78,196.81,196.81,10091983.0
2022-11-24,PHARMAB,Healthcare,194.73,198.53,191.73,195.53,195.53,8656792.0
2022-11-25,PHARMAB,Healthcare,195.01,196.63,193.58,195.19,195.19,10778253.0
2022-11-28,PHARMAB,Healthcare,196.22,199.19,193.18,196.15,196.15,9264565.0
2022-11-29,PHARMAB,Healthcare,196.26,200.33,192.96,197.02,197.02,10114827.0
2022-11-30,PHARMAB,Healthcare,197.41,200.68,195.56,198.81,198.81,8273915.0
2022-12-01,PHARMAB,Healthcare,199.25,201.1,197.56,199.41,199.41,10145806.0
2022-12-02,PHARMAB,Healthcare,198.35,201.59,195.37,198.6,198.6,9183618.0
2022-12-05,PHARMAB,Healthcare,198.73,201.22,196.56,199.04,199.04,9349824.0
2022-12-06,PHARMAB,Healthcare,201.84,204.51,198.98,201.66,201.66,8477189.0
2022-12-07,PHARMAB,Healthcare,210.5,213.1,206.72,209.3,209.3,12896041.0
2022-12-08,PHARMAB,Healthcare,207.84,209.19,206.74,208.09,208.09,9509869.0
2022-12-09,PHARMAB,Healthcare,208.93,212.2,205.51,208.78,208.78,8951954.0
2022-12-12,PHARMAB,Healthcare,208.53,209.77,206.7,207.93,207.93,10734206.0
2022-12-13,PHARMAB,Healthcare,209.3,212.85,205.29,208.84,208.84,10681918.0
2022-12-14,PHARMAB,Healthcare,211.0,212.95,209.57,211.52,211.52,12357702.0
2022-12-15,PHARMAB,Healthcare,211.15,214.11,208.11,211.07,211.07,9194702.0
2022-12-16,PHARMAB,Healthcare,206.24,207.74,204.3,205.79,205.79,14378641.0
2022-12-19,PHARMAB,Healthcare,207.64,210.2,206.02,208.58,208.58,11652842.0
2022-12-20,PHARMAB,Healthcare,210.08,211.68,207.42,209.02,209.02,7203221.0
2022-12-21,PHARMAB,Healthcare,209.41,212.39,205.26,208.22,208.22,8188080.0
2022-12-22,PHARMAB,Healthcare,206.24,209.19,203.9,206.84,206.84,7506488.0
2022-12-23,PHARMAB,Healthcare,207.91,211.29,204.38,207.75,207.75,6060780.0
2022-12-26,PHARMAB,Healthcare,206.57,208.14,204.47,206.04,206.04,7401115.0
2022-12-27,PHARMAB,Healthcare,204.19,207.37,201.46,204.64,204.64,6269418.0
2022-12-28,PHARMAB,Healthcare,201.93,204.81,198.66,201.54,201.54,11274815.0
2022-12-29,PHARMAB,Healthcare,200.04,201.09,198.85,199.91,199.91,8678647.0
2022-12-30,PHARMAB,Healthcare,200.42,203.42,198.61,201.6,201.6,8088271.0
2023-01-02,PHARMAB,Healthcare,198.58,200.61,196.19,198.22,198.22,11763540.0
2023-01-03,PHARMAB,Healthcare,200.33,202.89,198.66,201.21,201.21,11876292.0
2023-01-04,PHARMAB,Healthcare,199.08,200.64,196.78,198.34,198.34,12662590.0
2023-01-05,PHARMAB,Healthcare,198.27,201.45,195.64,198.81,198.81,9095516.0
2023-01-06,PHARMAB,Healthcare,199.99,201.37,198.74,200.12,200.12,8686304.0
2023-01-09,PHARMAB,Healthcare,203.42,206.19,199.55,202.31,202.31,8307577.0
2023-01-10,PHARMAB,Healthcare,204.92,208.41,201.04,204.52,204.52,7839745.0
2023-01-11,PHARMAB,Healthcare,203.52,206.75,201.18,204.4,204.4,6758837.0
2023-01-12,PHARMAB,Healthcare,203.23,206.54,200.75,204.06,204.06,7847099.0
2023-01-13,PHARMAB,Healthcare,205.2,206.52,204.37,205.69,205.69,11734644.0
2023-01-16,PHARMAB,Healthcare,206.84,210.14,203.22,206.51,206.51,6008069.0
2023-01-17,PHARMAB,Healthcare,206.01,207.51,204.22,205.71,205.71,7010271.0
2023-01-18,PHARMAB,Healthcare,206.08,209.3,203.56,206.78,206.78,7088219.0
2023-01-19,PHARMAB,Healthcare,205.47,210.09,201.84,206.44,206.44,9372800.0
2023-01-20,PHARMAB,Healthcare,188.07,190.31,185.62,187.86,187.86,18323746.0
2023-01-23,PHARMAB,Healthcare,186.92,189.65,184.33,187.05,187.05,8395614.0
2023-01-24,PHARMAB,Healthcare,189.92,191.76,186.47,188.29,188.29,7018742.0
2023-01-25,PHARMAB,Healthcare,186.22,186.95,185.47,186.19,186.19,8924611.0
2023-01-26,PHARMAB,Healthcare,190.27,193.12,186.07,188.9,188.9,7491322.0
2023-01-27,PHARMAB,Healthcare,186.79,188.33,186.13,187.66,187.66,9068066.0
2023-01-30,PHARMAB,Healthcare,181.34,184.95,178.89,182.48,182.48,8757438.0
2023-01-31,PHARMAB,Healthcare,183.02,184.46,182.41,183.85,183.85,10561959.0
2023-02-01,PHARMAB,Healthcare,178.62,181.47,174.95,177.78,177.78,12727376.0
2023-02-02,PHARMAB,Healthcare,176.84,177.79,174.67,175.61,175.61,10883060.0
2023-02-03,PHARMAB,Healthcare,180.57,183.08,178.64,181.14,181.14,11223369.0
2023-02-06,PHARMAB,Healthcare,183.32,185.86,181.13,183.66,183.66,9068120.0
2023-02-07,PHARMAB,Healthcare,185.16,187.86,183.33,186.03,186.03,7314187.0
2023-02-08,PHARMAB,Healthcare,182.18,185.0,180.7,183.51,183.51,9899183.0
2023-02-09,PHARMAB,Healthcare,183.69,185.53,181.33,183.17,183.17,8394821.0
2023-02-10,PHARMAB,Healthcare,186.31,187.74,184.71,186.14,186.14,9843620.0
2023-02-13,PHARMAB,Healthcare,187.74,189.54,185.94,187.74,187.74,10443431.0
2023-02-14,PHARMAB,Healthcare,189.47,192.13,187.88,190.53,190.53,11847092.0
2023-02-15,PHARMAB,Healthcare,196.23,198.49,192.71,194.95,194.95,12477961.0
2023-02-16,PHARMAB,Healthcare,196.28,197.97,194.99,196.67,196.67,7200672.0
2023-02-17,PHARMAB,Healthcare,194.15,197.61,190.29,193.74,193.74,10660539.0
2023-02-20,PHARMAB,Healthcare,194.16,197.35,192.12,195.3,195.3,6781481.0
2023-02-21,PHARMAB,Healthcare,194.66,195.96,193.51,194.81,194.81,9377962.0
2023-02-22,PHARMAB,Healthcare,191.98,193.93,189.81,191.76,191.76,9315716.0
2023-02-23,PHARMAB,Healthcare,194.28,197.39,190.92,194.03,194.03,7414921.0
2023-02-24,PHARMAB,Healthcare,197.2,197.86,196.43,197.08,197.08,12143620.0
2023-02-27,PHARMAB,Healthcare,197.33,199.94,194.34,196.94,196.94,8739948.0
2023-02-28,PHARMAB,Healthcare,196.94,200.05,194.73,197.83,197.83,7888117.0
2023-03-01,PHARMAB,Healthcare,192.98,194.05,191.76,192.83,192.83,8080646.0
2023-03-02,PHARMAB,Healthcare,195.76,198.75,192.68,195.67,195.67,10079148.0
2023-03-03,PHARMAB,Healthcare,197.91,199.6,196.04,197.73,197.73,11735797.0
2023-03-06,PHARMAB,Healthcare,198.5,199.97,196.98,198.45,198.45,9027831.0
2023-03-07,PHARMAB,Healthcare,194.44,198.45,191.44,195.43,195.43,12787420.0
2023-03-08,PHARMAB,Healthcare,190.51,193.93,188.11,191.52,191.52,8269981.0
2023-03-09,PHARMAB,Healthcare,194.82,199.8,191.61,196.56,196.56,11671206.0
2023-03-10,PHARMAB,Healthcare,194.83,197.26,191.78,194.2,194.2,11287389.0
2023-03-13,PHARMAB,Healthcare,195.26,198.02,191.87,194.62,194.62,8485386.0
2023-03-14,PHARMAB,Healthcare,193.0,196.0,189.36,192.35,192.35,7189386.0
2023-03-15,PHARMAB,Healthcare,187.2,187.91,186.26,186.97,186.97,12163646.0
2023-03-16,PHARMAB,Healthcare,186.51,190.87,183.78,188.12,188.12,9427740.0
2023-03-17,PHARMAB,Healthcare,188.87,191.96,186.56,189.64,189.64,10317043.0
2023-03-20,PHARMAB,Healthcare,185.91,186.67,185.04,185.79,185.79,12279006.0
2023-03-21,PHARMAB,Healthcare,188.59,190.6,186.49,188.49,188.49,11432952.0
2023-03-22,PHARMAB,Healthcare,187.17,188.13,186.37,187.33,187.33,9711916.0
2023-03-23,PHARMAB,Healthcare,185.16,187.75,182.29,184.88,184.88,8048779.0
2023-03-24,PHARMAB,Healthcare,182.32,184.36,180.27,182.31,182.31,9241649.0
2023-03-27,PHARMAB,Healthcare,184.5,187.7,181.22,184.41,184.41,11047288.0
2023-03-28,PHARMAB,Healthcare,179.62,181.12,178.59,180.08,180.08,14010462.0
2023-03-29,PHARMAB,Healthcare,178.07,180.22,175.23,177.37,177.37,7437004.0
2023-03-30,PHARMAB,Healthcare,178.12,179.53,177.02,178.42,178.42,8998299.0
2023-03-31,PHARMAB,Healthcare,178.23,181.37,176.05,179.18,179.18,7639838.0
2023-04-03,PHARMAB,Healthcare,176.43,179.42,173.99,176.97,176.97,8026135.0
2023-04-04,PHARMAB,Healthcare,179.7,182.44,177.21,179.95,179.95,10138499.0
2023-04-05,PHARMAB,Healthcare,178.24,180.95,174.83,177.53,177.53,10371231.0
2023-04-06,PHARMAB,Healthcare,177.12,179.95,174.32,177.15,177.15,5898194.0
2023-04-07,PHARMAB,Healthcare,176.34,177.21,175.61,176.47,176.47,9998104.0
2023-04-10,PHARMAB,Healthcare,174.93,177.24,173.51,175.81,175.81,10194784.0
2023-04-11,PHARMAB,Healthcare,176.01,178.35,173.13,175.46,175.46,10663967.0
2023-04-12,PHARMAB,Healthcare,174.59,176.88,172.76,175.05,175.05,6775513.0
2023-04-13,PHARMAB,Healthcare,174.54,175.63,173.51,174.61,174.61,8876983.0
2023-04-14,PHARMAB,Healthcare,175.32,177.3,172.32,174.29,174.29,7949123.0
2023-04-17,PHARMAB,Healthcare,177.13,178.75,175.16,176.77,176.77,8829265.0
2023-04-18,PHARMAB,Healthcare,175.19,177.9,173.64,176.34,176.34,8723093.0
2023-04-19,PHARMAB,Healthcare,176.71,180.66,174.03,177.97,177.97,10765424.0
2023-04-20,PHARMAB,Healthcare,178.34,180.01,176.72,178.39,178.39,5981556.0
2023-04-21,PHARMAB,Healthcare,178.43,179.91,177.82,179.3,179.3,11164361.0
2023-04-24,PHARMAB,Healthcare,181.62,182.32,180.45,181.15,181.15,11071752.0
2023-04-25,PHARMAB,Healthcare,178.68,181.51,175.82,178.65,178.65,11268457.0
2023-04-26,PHARMAB,Healthcare,180.27,183.41,177.02,180.16,180.16,10530768.0
2023-04-27,PHARMAB,Healthcare,179.25,182.16,176.86,179.76,179.76,7804956.0
2023-04-28,PHARMAB,Healthcare,178.92,180.43,176.18,177.68,177.68,10951519.0
2023-05-01,PHARMAB,Healthcare,181.55,184.65,176.45,179.51,179.51,8698661.0
2023-05-02,PHARMAB,Healthcare,178.44,180.95,176.13,178.64,178.64,10767477.0
2023-05-03,PHARMAB,Healthcare,179.83,182.65,176.76,179.57,179.57,7037789.0
2023-05-04,PHARMAB,Healthcare,173.69,176.21,171.11,173.62,173.62,10728747.0
2023-05-05,PHARMAB,Healthcare,175.12,176.83,173.6,175.3,175.3,9542586.0
2023-05-08,PHARMAB,Healthcare,180.6,183.05,178.76,181.2,181.2,10741677.0
2023-05-09,PHARMAB,Healthcare,180.49,182.32,179.44,181.27,181.27,7770549.0
2023-05-10,PHARMAB,Healthcare,179.94,182.09,178.61,180.76,180.76,8401983.0
2023-05-11,PHARMAB,Healthcare,180.09,182.73,177.16,179.8,179.8,10613666.0
2023-05-12,PHARMAB,Healthcare,180.77,184.12,177.8,181.15,181.15,9124080.0
2023-05-15,PHARMAB,Healthcare,178.68,183.04,176.2,180.54,180.54,7800913.0
2023-05-16,PHARMAB,Healthcare,182.43,184.25,180.29,182.1,182.1,7755232.0
2023-05-17,PHARMAB,Healthcare,186.16,186.99,185.36,186.19,186.19,10168106.0
2023-05-18,PHARMAB,Healthcare,189.28,190.0,187.54,188.26,188.26,9520523.0
2023-05-19,PHARMAB,Healthcare,188.22,189.84,186.32,187.94,187.94,9530324.0
2023-05-22,PHARMAB,Healthcare,184.31,187.25,182.47,185.4,185.4,7536463.0
2023-05-23,PHARMAB,Healthcare,182.89,186.78,180.67,184.54,184.54,7215551.0
2023-05-24,PHARMAB,Healthcare,183.72,184.82,183.15,184.25,184.25,7684580.0
2023-05-25,PHARMAB,Healthcare,180.85,184.54,177.62,181.3,181.3,9226235.0
2023-05-26,PHARMAB,Healthcare,184.59,186.15,182.34,183.89,183.89,9166199.0
2023-05-29,PHARMAB,Healthcare,185.3,188.22,182.38,185.3,185.3,10607759.0
2023-05-30,PHARMAB,Healthcare,183.79,185.81,180.94,182.96,182.96,8632425.0
2023-05-31,PHARMAB,Healthcare,178.04,179.87,177.16,178.99,178.99,10800125.0
2023-06-01,PHARMAB,Healthcare,181.4,184.11,178.0,180.7,180.7,9932273.0
2023-06-02,PHARMAB,Healthcare,177.59,180.02,174.66,177.08,177.08,8876145.0
2023-06-05,PHARMAB,Healthcare,175.92,179.29,174.0,177.35,177.35,9367142.0
2023-06-06,PHARMAB,Healthcare,177.46,179.36,174.63,176.52,176.52,8909400.0
2023-06-07,PHARMAB,Healthcare,178.46,179.23,177.63,178.4,178.4,9070162.0
2023-06-08,PHARMAB,Healthcare,180.6,182.92,178.0,180.32,180.32,11131619.0
2023-06-09,PHARMAB,Healthcare,177.93,181.52,174.96,178.55,178.55,7867820.0
2023-06-12,PHARMAB,Healthcare,181.56,182.36,179.85,180.64,180.64,11687115.0
2023-06-13,PHARMAB,Healthcare,179.21,181.32,177.97,180.07,180.07,8790732.0
2023-06-14,PHARMAB,Healthcare,180.8,183.79,177.22,180.2,180.2,8717230.0
2023-06-15,PHARMAB,Healthcare,180.96,182.28,179.06,180.37,180.37,10060775.0
2023-06-16,PHARMAB,Healthcare,184.92,188.02,182.55,185.64,185.64,13740759.0
2023-06-19,PHARMAB,Healthcare,186.92,188.98,183.41,185.45,185.45,8720276.0
2023-06-20,PHARMAB,Healthcare,181.84,184.01,179.5,181.67,181.67,12233488.0
2023-06-21,PHARMAB,Healthcare,180.6,182.27,178.47,180.13,180.13,8768986.0
2023-06-22,PHARMAB,Healthcare,180.79,183.26,179.43,181.9,181.9,9539229.0
2023-06-23,PHARMAB,Healthcare,182.87,183.55,180.66,181.34,181.34,6245789.0
2023-06-26,PHARMAB,Healthcare,180.57,184.03,178.01,181.46,181.46,6163394.0
2023-06-27,PHARMAB,Healthcare,181.3,183.87,178.0,180.56,180.56,10418361.0
2023-06-28,PHARMAB,Healthcare,173.65,176.62,171.38,174.35,174.35,9139120.0
2023-06-29,PHARMAB,Healthcare,172.3,174.91,170.12,172.73,172.73,7400839.0
2023-06-30,PHARMAB,Healthcare,173.19,174.34,171.49,172.64,172.64,9602450.0
2023-07-03,PHARMAB,Healthcare,169.61,170.18,168.35,168.92,168.92,7548233.0
2023-07-04,PHARMAB,Healthcare,165.66,169.02,163.15,166.51,166.51,8566275.0
2023-07-05,PHARMAB,Healthcare,166.6,168.32,164.15,165.87,165.87,8989196.0
2023-07-06,PHARMAB,Healthcare,165.95,167.21,164.0,165.26,165.26,9033685.0
2023-07-07,PHARMAB,Healthcare,165.54,166.92,164.79,166.16,166.16,10209594.0
2023-07-10,PHARMAB,Healthcare,166.72,167.38,165.01,165.66,165.66,8490849.0
2023-07-11,PHARMAB,Healthcare,165.52,167.86,164.16,166.49,166.49,8746977.0
2023-07-12,PHARMAB,Healthcare,164.69,167.6,162.21,165.11,165.11,10343596.0
2023-07-13,PHARMAB,Healthcare,165.94,168.73,162.85,165.63,165.63,8468382.0
2023-07-14,PHARMAB,Healthcare,168.23,171.58,165.46,168.81,168.81,11056671.0
2023-07-17,PHARMAB,Healthcare,169.68,172.53,166.65,169.5,169.5,10644272.0
2023-07-18,PHARMAB,Healthcare,169.24,172.06,166.27,169.08,169.08,7900098.0
2023-07-19,PHARMAB,Healthcare,167.04,168.99,165.22,167.16,167.16,8832870.0
2023-07-20,PHARMAB,Healthcare,167.98,169.04,166.37,167.43,167.43,5817306.0
2023-07-21,PHARMAB,Healthcare,166.89,169.55,164.4,167.05,167.05,8940143.0
2023-07-24,PHARMAB,Healthcare,168.47,169.52,167.27,168.31,168.31,6466926.0
2023-07-25,PHARMAB,Healthcare,165.33,166.49,163.42,164.57,164.57,10881642.0
2023-07-26,PHARMAB,Healthcare,164.78,165.85,163.19,164.26,164.26,9844256.0
2023-07-27,PHARMAB,Healthcare,165.73,167.51,163.44,165.21,165.21,9055043.0
2023-07-28,PHARMAB,Healthcare,164.8,166.86,163.51,165.56,165.56,7195864.0
2023-07-31,PHARMAB,Healthcare,165.29,166.17,164.07,164.95,164.95,10013591.0
2023-08-01,PHARMAB,Healthcare,163.73,165.92,162.12,164.31,164.31,7383680.0
2023-08-02,PHARMAB,Healthcare,161.29,164.74,158.69,162.12,162.12,11088758.0
2023-08-03,PHARMAB,Healthcare,162.93,164.86,161.05,162.98,162.98,9307783.0
2023-08-04,PHARMAB,Healthcare,163.34,166.58,160.69,163.93,163.93,7057767.0
2023-08-07,PHARMAB,Healthcare,161.62,162.58,160.16,161.11,161.11,12700163.0
2023-08-08,PHARMAB,Healthcare,163.28,164.18,161.86,162.75,162.75,7642581.0
2023-08-09,PHARMAB,Healthcare,160.26,163.37,158.4,161.49,161.49,11697776.0
2023-08-10,PHARMAB,Healthcare,160.27,162.4,158.68,160.8,160.8,6066856.0
2023-08-11,PHARMAB,Healthcare,163.72,166.81,161.61,164.68,164.68,9399575.0
2023-08-14,PHARMAB,Healthcare,167.81,170.63,165.31,168.12,168.12,8672330.0
2023-08-15,PHARMAB,Healthcare,165.46,167.82,162.81,165.16,165.16,7274397.0
2023-08-16,PHARMAB,Healthcare,162.44,165.39,159.66,162.6,162.6,11403471.0
2023-08-17,PHARMAB,Healthcare,160.16,161.98,158.72,160.54,160.54,10774796.0
2023-08-18,PHARMAB,Healthcare,164.71,165.71,162.86,163.86,163.86,12404781.0
2023-08-21,PHARMAB,Healthcare,161.19,164.52,159.37,162.69,162.69,7659434.0
2023-08-22,PHARMAB,Healthcare,160.56,161.31,159.02,159.77,159.77,9967353.0
2023-08-23,PHARMAB,Healthcare,161.99,163.54,160.8,162.34,162.34,10978966.0
2023-08-24,PHARMAB,Healthcare,163.59,164.64,162.59,163.64,163.64,8729751.0
2023-08-25,PHARMAB,Healthcare,168.07,169.94,166.57,168.43,168.43,12912597.0
2023-08-28,PHARMAB,Healthcare,170.82,171.62,168.98,169.77,169.77,9781812.0
2023-08-29,PHARMAB,Healthcare,168.95,170.37,168.36,169.78,169.78,6229928.0
2023-08-30,PHARMAB,Healthcare,170.41,172.6,168.22,170.41,170.41,9977827.0
2023-08-31,PHARMAB,Healthcare,169.87,171.94,167.46,169.52,169.52,9887396.0
2023-09-01,PHARMAB,Healthcare,171.3,174.76,168.97,172.41,172.41,11079445.0
2023-09-04,PHARMAB,Healthcare,174.82,177.73,172.57,175.47,175.47,8098250.0
2023-09-05,PHARMAB,Healthcare,171.99,172.9,171.17,172.09,172.09,9022264.0
2023-09-06,PHARMAB,Healthcare,173.61,175.51,172.33,174.23,174.23,8970582.0
2023-09-07,PHARMAB,Healthcare,171.41,172.82,170.56,171.97,171.97,8406577.0
2023-09-08,PHARMAB,Healthcare,177.12,180.14,174.35,177.37,177.37,9862316.0
2023-09-11,PHARMAB,Healthcare,181.35,183.92,178.31,180.88,180.88,12364406.0
2023-09-12,PHARMAB,Healthcare,178.14,179.46,177.07,178.39,178.39,10601198.0
2023-09-13,PHARMAB,Healthcare,179.78,181.24,177.56,179.01,179.01,8851783.0
2023-09-14,PHARMAB,Healthcare,180.63,184.52,177.46,181.35,181.35,8072694.0
2023-09-15,PHARMAB,Healthcare,179.11,182.16,176.98,180.02,180.02,11250222.0
2023-09-18,PHARMAB,Healthcare,178.39,181.07,174.37,177.03,177.03,8264356.0
2023-09-19,PHARMAB,Healthcare,176.87,178.57,175.64,177.34,177.34,9778098.0
2023-09-20,PHARMAB,Healthcare,176.14,178.16,175.06,177.07,177.07,10599229.0
2023-09-21,PHARMAB,Healthcare,173.9,177.71,171.34,175.12,175.12,10729347.0
2023-09-22,PHARMAB,Healthcare,178.72,181.1,175.59,177.96,177.96,12992987.0
2023-09-25,PHARMAB,Healthcare,174.93,177.49,172.62,175.17,175.17,10932049.0
2023-09-26,PHARMAB,Healthcare,174.84,176.99,172.87,175.02,175.02,6811358.0
2023-09-27,PHARMAB,Healthcare,175.39,177.51,173.38,175.5,175.5,6931931.0
2023-09-28,PHARMAB,Healthcare,176.99,179.47,173.8,176.27,176.27,7716064.0
2023-09-29,PHARMAB,Healthcare,178.76,180.15,177.5,178.89,178.89,6950419.0
2023-10-02,PHARMAB,Healthcare,180.1,181.6,176.95,178.43,178.43,9320510.0
2023-10-03,PHARMAB,Healthcare,172.85,175.63,169.98,172.76,172.76,10406170.0
2023-10-04,PHARMAB,Healthcare,172.73,174.05,170.68,172.0,172.0,10261467.0
2023-10-05,PHARMAB,Healthcare,174.22,176.17,171.72,173.66,173.66,8474632.0
2023-10-06,PHARMAB,Healthcare,173.4,175.78,171.05,173.43,173.43,8158015.0
2023-10-09,PHARMAB,Healthcare,172.8,176.33,169.69,173.21,173.21,10550019.0
2023-10-10,PHARMAB,Healthcare,174.68,176.34,172.78,174.45,174.45,7569045.0
2023-10-11,PHARMAB,Healthcare,176.34,178.0,174.32,175.98,175.98,10369562.0
2023-10-12,PHARMAB,Healthcare,171.75,174.84,169.07,172.15,172.15,12452071.0
2023-10-13,PHARMAB,Healthcare,172.3,174.9,169.59,172.19,172.19,6763826.0
2023-10-16,PHARMAB,Healthcare,172.7,175.11,169.45,171.85,171.85,8340547.0
2023-10-17,PHARMAB,Healthcare,173.52,175.24,170.38,172.09,172.09,7524085.0
2023-10-18,PHARMAB,Healthcare,168.53,169.85,166.63,167.95,167.95,12894770.0
2023-10-19,PHARMAB,Healthcare,172.13,174.22,168.79,170.86,170.86,10905092.0
2023-10-20,PHARMAB,Healthcare,170.52,173.71,167.77,170.95,170.95,8044978.0
2023-10-23,PHARMAB,Healthcare,172.44,175.24,169.16,171.95,171.95,10275499.0
2023-10-24,PHARMAB,Healthcare,176.85,177.67,175.09,175.91,175.91,9102884.0
2023-10-25,PHARMAB,Healthcare,176.32,178.63,174.66,176.96,176.96,10156505.0
2023-10-26,PHARMAB,Healthcare,173.3,175.37,171.57,173.64,173.64,12697257.0
2023-10-27,PHARMAB,Healthcare,174.74,177.83,170.47,173.53,173.53,10024723.0
2023-10-30,PHARMAB,Healthcare,174.42,177.4,172.12,175.1,175.1,10742293.0
2023-10-31,PHARMAB,Healthcare,174.37,176.9,172.78,175.31,175.31,7784160.0
2023-11-01,PHARMAB,Healthcare,180.3,180.91,178.6,179.2,179.2,13837266.0
2023-11-02,PHARMAB,Healthcare,178.21,180.26,175.33,177.37,177.37,8676891.0
2023-11-03,PHARMAB,Healthcare,180.57,181.37,179.45,180.26,180.26,10876433.0
2023-11-06,PHARMAB,Healthcare,182.22,185.09,179.4,182.26,182.26,7511156.0
2023-11-07,PHARMAB,Healthcare,182.23,185.16,179.62,182.55,182.55,10677137.0
2023-11-08,PHARMAB,Healthcare,183.61,185.43,181.58,183.4,183.4,9717515.0
2023-11-09,PHARMAB,Healthcare,182.39,184.11,179.53,181.24,181.24,10991296.0
2023-11-10,PHARMAB,Healthcare,180.8,183.77,177.65,180.63,180.63,6290945.0
2023-11-13,PHARMAB,Healthcare,183.61,184.95,180.7,182.03,182.03,10458969.0
2023-11-14,PHARMAB,Healthcare,181.12,183.0,179.9,181.78,181.78,9627268.0
2023-11-15,PHARMAB,Healthcare,181.99,185.11,178.88,182.0,182.0,9094088.0
2023-11-16,PHARMAB,Healthcare,184.1,187.17,181.32,184.38,184.38,8454181.0
2023-11-17,PHARMAB,Healthcare,179.3,182.84,176.56,180.09,180.09,10920219.0
2023-11-20,PHARMAB,Healthcare,180.9,182.09,179.83,181.01,181.01,6678571.0
2023-11-21,PHARMAB,Healthcare,185.51,186.46,184.24,185.2,185.2,10653690.0
2023-11-22,PHARMAB,Healthcare,184.8,185.42,183.78,184.41,184.41,7290241.0
2023-11-23,PHARMAB,Healthcare,183.2,184.4,180.44,181.63,181.63,9052925.0
2023-11-24,PHARMAB,Healthcare,181.16,183.81,178.18,180.82,180.82,6885413.0
2023-11-27,PHARMAB,Healthcare,178.3,179.48,176.31,177.49,177.49,8697630.0
2023-11-28,PHARMAB,Healthcare,178.12,180.61,175.59,178.08,178.08,6338189.0
2023-11-29,PHARMAB,Healthcare,179.19,180.4,176.79,178.0,178.0,10202621.0
2023-11-30,PHARMAB,Healthcare,180.51,182.12,177.2,178.8,178.8,8796308.0
2023-12-01,PHARMAB,Healthcare,178.97,182.14,175.42,178.59,178.59,7727182.0
2023-12-04,PHARMAB,Healthcare,178.4,180.31,177.21,179.11,179.11,8629104.0
2023-12-05,PHARMAB,Healthcare,179.82,181.78,178.27,180.22,180.22,9519559.0
2023-12-06,PHARMAB,Healthcare,177.8,179.14,176.27,177.6,177.6,12383143.0
2023-12-07,PHARMAB,Healthcare,178.79,179.62,177.64,178.47,178.47,7006900.0
2023-12-08,PHARMAB,Healthcare,182.35,184.23,179.96,181.84,181.84,9077346.0
2023-12-11,PHARMAB,Healthcare,180.06,181.63,178.17,179.73,179.73,12232726.0
2023-12-12,PHARMAB,Healthcare,180.52,182.95,178.1,180.52,180.52,7956427.0
2023-12-13,PHARMAB,Healthcare,183.11,186.38,180.31,183.57,183.57,7218032.0
2023-12-14,PHARMAB,Healthcare,181.3,183.32,178.99,181.01,181.01,7740509.0
2023-12-15,PHARMAB,Healthcare,184.28,184.92,182.29,182.92,182.92,6704302.0
2023-12-18,PHARMAB,Healthcare,183.25,185.5,180.26,182.5,182.5,10839014.0
2023-12-19,PHARMAB,Healthcare,185.32,186.03,184.22,184.93,184.93,8403349.0
2023-12-20,PHARMAB,Healthcare,183.86,186.11,180.86,183.11,183.11,11668224.0
2023-12-21,PHARMAB,Healthcare,182.9,185.6,180.47,183.17,183.17,10559931.0
2023-12-22,PHARMAB,Healthcare,179.42,180.86,178.35,179.79,179.79,11002682.0
2023-12-25,PHARMAB,Healthcare,180.32,183.63,177.57,180.87,180.87,6349023.0
2023-12-26,PHARMAB,Healthcare,181.89,185.01,178.85,181.98,181.98,6618141.0
2023-12-27,PHARMAB,Healthcare,183.0,186.09,180.22,183.31,183.31,8877235.0
2023-12-28,PHARMAB,Healthcare,185.43,186.83,183.14,184.54,184.54,8400516.0
2023-12-29,PHARMAB,Healthcare,184.06,186.59,181.89,184.41,184.41,8696913.0
2024-01-01,PHARMAB,Healthcare,180.52,184.13,177.5,181.1,181.1,9938608.0
2024-01-02,PHARMAB,Healthcare,184.89,186.33,182.03,183.46,183.46,12175607.0
2024-01-03,PHARMAB,Healthcare,183.13,186.27,180.33,183.46,183.46,8264234.0
2024-01-04,PHARMAB,Healthcare,184.57,185.15,183.88,184.46,184.46,9769815.0
2024-01-05,PHARMAB,Healthcare,184.45,185.01,183.56,184.12,184.12,10299548.0
2024-01-08,PHARMAB,Healthcare,187.95,191.53,185.24,188.81,188.81,8756519.0
2024-01-09,PHARMAB,Healthcare,188.48,191.2,184.85,187.55,187.55,7463280.0
2024-01-10,PHARMAB,Healthcare,186.69,189.46,183.45,186.21,186.21,6854295.0
2024-01-11,PHARMAB,Healthcare,183.81,186.93,179.58,182.67,182.67,8189042.0
2024-01-12,PHARMAB,Healthcare,182.52,183.89,181.65,183.02,183.02,8387699.0
2024-01-15,PHARMAB,Healthcare,187.52,188.73,186.23,187.44,187.44,9784793.0
2024-01-16,PHARMAB,Healthcare,187.86,190.97,184.72,187.83,187.83,7958755.0
2024-01-17,PHARMAB,Healthcare,188.66,189.72,187.39,188.46,188.46,10959516.0
2024-01-18,PHARMAB,Healthcare,189.76,193.4,187.25,190.87,190.87,7647448.0
2024-01-19,PHARMAB,Healthcare,191.44,193.54,189.26,191.35,191.35,8605604.0
2024-01-22,PHARMAB,Healthcare,193.25,195.19,192.43,194.36,194.36,7572150.0
2024-01-23,PHARMAB,Healthcare,198.07,199.51,196.34,197.78,197.78,9085288.0
2024-01-24,PHARMAB,Healthcare,194.73,198.53,192.63,196.4,196.4,9094550.0
2024-01-25,PHARMAB,Healthcare,191.56,196.03,188.54,192.99,192.99,12988741.0
2024-01-26,PHARMAB,Healthcare,195.4,198.06,192.11,194.77,194.77,8601572.0
2024-01-29,PHARMAB,Healthcare,195.22,198.06,192.82,195.65,195.65,6387891.0
2024-01-30,PHARMAB,Healthcare,192.42,195.2,190.41,193.18,193.18,8999103.0
2024-01-31,PHARMAB,Healthcare,192.6,194.05,190.2,191.63,191.63,7148319.0
2024-02-01,PHARMAB,Healthcare,190.33,191.24,189.17,190.08,190.08,7611210.0
2024-02-02,PHARMAB,Healthcare,191.19,192.94,188.79,190.53,190.53,8971163.0
2024-02-05,PHARMAB,Healthcare,192.9,193.69,192.24,193.03,193.03,7158545.0
2024-02-06,PHARMAB,Healthcare,197.8,199.02,194.49,195.7,195.7,9545866.0
2024-02-07,PHARMAB,Healthcare,197.28,199.63,195.4,197.75,197.75,9969920.0
2024-02-08,PHARMAB,Healthcare,198.5,200.34,195.29,197.12,197.12,8086357.0
2024-02-09,PHARMAB,Healthcare,202.76,203.55,202.02,202.81,202.81,8181845.0
2024-02-12,PHARMAB,Healthcare,201.65,205.39,199.26,202.99,202.99,10592765.0
2024-02-13,PHARMAB,Healthcare,202.49,204.76,199.82,202.1,202.1,7944372.0
2024-02-14,PHARMAB,Healthcare,198.99,199.82,197.91,198.74,198.74,11838944.0
2024-02-15,PHARMAB,Healthcare,197.14,201.36,193.75,197.97,197.97,7672815.0
2024-02-16,PHARMAB,Healthcare,198.43,200.05,197.53,199.16,199.16,8689120.0
2024-02-19,PHARMAB,Healthcare,195.29,198.4,192.2,195.31,195.31,9784685.0
2024-02-20,PHARMAB,Healthcare,193.34,193.92,192.49,193.07,193.07,8606408.0
2024-02-21,PHARMAB,Healthcare,190.13,195.15,187.04,192.03,192.03,6242131.0
2024-02-22,PHARMAB,Healthcare,191.05,191.68,189.63,190.25,190.25,8453044.0
2024-02-23,PHARMAB,Healthcare,187.92,191.0,185.22,188.3,188.3,11541832.0
2024-02-26,PHARMAB,Healthcare,190.06,192.68,188.46,191.07,191.07,10986058.0
2024-02-27,PHARMAB,Healthcare,187.94,190.58,184.6,187.23,187.23,8334667.0
2024-02-28,PHARMAB,Healthcare,187.72,189.43,186.02,187.73,187.73,8880689.0
2024-02-29,PHARMAB,Healthcare,189.98,190.75,188.29,189.06,189.06,11048125.0
2024-03-01,PHARMAB,Healthcare,176.25,178.81,173.39,175.94,175.94,19204153.0
2024-03-04,PHARMAB,Healthcare,175.52,176.24,174.81,175.52,175.52,6616910.0
2024-03-05,PHARMAB,Healthcare,175.41,178.47,172.46,175.52,175.52,9886110.0
2024-03-06,PHARMAB,Healthcare,177.35,178.02,176.34,177.01,177.01,8032556.0
2024-03-07,PHARMAB,Healthcare,180.24,182.38,178.41,180.54,180.54,10181811.0
2024-03-08,PHARMAB,Healthcare,177.12,180.19,174.67,177.73,177.73,10173794.0
2024-03-11,PHARMAB,Healthcare,176.2,177.77,174.21,175.77,175.77,11432270.0
2024-03-12,PHARMAB,Healthcare,173.85,175.03,172.76,173.95,173.95,11793890.0
2024-03-13,PHARMAB,Healthcare,174.02,176.53,171.5,174.0,174.0,10229754.0
2024-03-14,PHARMAB,Healthcare,173.96,176.53,170.65,173.21,173.21,6095941.0
2024-03-15,PHARMAB,Healthcare,174.67,177.7,171.73,174.75,174.75,11487488.0
2024-03-18,PHARMAB,Healthcare,173.41,174.91,171.9,173.4,173.4,6626399.0
2024-03-19,PHARMAB,Healthcare,171.14,173.37,169.32,171.55,171.55,8081085.0
2024-03-20,PHARMAB,Healthcare,170.28,171.72,168.55,169.99,169.99,9291987.0
2024-03-21,PHARMAB,Healthcare,170.56,171.72,169.15,170.32,170.32,8228760.0
2024-03-22,PHARMAB,Healthcare,173.1,175.57,170.02,172.48,172.48,10221451.0
2024-03-25,PHARMAB,Healthcare,172.07,173.86,170.67,172.47,172.47,8004724.0
2024-03-26,PHARMAB,Healthcare,171.03,172.95,169.41,171.34,171.34,11210925.0
2024-03-27,PHARMAB,Healthcare,169.74,171.28,167.68,169.21,169.21,8125356.0
2024-03-28,PHARMAB,Healthcare,172.61,174.97,170.07,172.43,172.43,8961126.0
2024-03-29,PHARMAB,Healthcare,168.12,171.56,165.3,168.73,168.73,13475413.0
2024-04-01,PHARMAB,Healthcare,169.3,171.5,166.23,168.42,168.42,6208241.0
2024-04-02,PHARMAB,Healthcare,168.92,171.79,167.22,170.07,170.07,9888011.0
2024-04-03,PHARMAB,Healthcare,170.26,172.76,167.23,169.73,169.73,9252381.0
2024-04-04,PHARMAB,Healthcare,167.75,170.73,165.63,168.6,168.6,8935323.0
2024-04-05,PHARMAB,Healthcare,171.1,171.77,169.16,169.82,169.82,10013771.0
2024-04-08,PHARMAB,Healthcare,166.54,168.32,165.81,167.58,167.58,7812046.0
2024-04-09,PHARMAB,Healthcare,164.78,165.37,163.44,164.02,164.02,12997544.0
2024-04-10,PHARMAB,Healthcare,164.78,166.46,163.15,164.83,164.83,6813962.0
2024-04-11,PHARMAB,Healthcare,162.62,165.36,160.11,162.86,162.86,8998507.0
2024-04-12,PHARMAB,Healthcare,163.33,164.58,161.95,163.2,163.2,6224687.0
2024-04-15,PHARMAB,Healthcare,163.44,164.87,161.6,163.03,163.03,8448458.0
2024-04-16,PHARMAB,Healthcare,163.05,166.37,160.34,163.64,163.64,9421680.0
2024-04-17,PHARMAB,Healthcare,162.72,165.79,160.19,163.25,163.25,10604045.0
2024-04-18,PHARMAB,Healthcare,164.9,167.04,162.34,164.47,164.47,10284029.0
2024-04-19,PHARMAB,Healthcare,161.98,164.24,160.85,163.1,163.1,9342061.0
2024-04-22,PHARMAB,Healthcare,164.4,165.57,163.62,164.79,164.79,11765607.0
2024-04-23,PHARMAB,Healthcare,164.33,164.86,161.83,162.36,162.36,9784552.0
2024-04-24,PHARMAB,Healthcare,164.21,165.61,163.46,164.85,164.85,10296815.0
2024-04-25,PHARMAB,Healthcare,170.03,171.28,168.0,169.25,169.25,11897689.0
2024-04-26,PHARMAB,Healthcare,169.16,171.47,167.26,169.56,169.56,7868264.0
2024-04-29,PHARMAB,Healthcare,173.38,174.07,172.34,173.03,173.03,12666145.0
2024-04-30,PHARMAB,Healthcare,177.61,178.5,176.25,177.14,177.14,8854020.0
2024-05-01,PHARMAB,Healthcare,177.31,178.32,175.5,176.51,176.51,8809043.0
2024-05-02,PHARMAB,Healthcare,176.56,178.91,174.36,176.7,176.7,9322271.0
2024-05-03,PHARMAB,Healthcare,176.38,178.54,172.84,174.98,174.98,11539152.0
2024-05-06,PHARMAB,Healthcare,173.01,175.38,171.07,173.42,173.42,11304818.0
2024-05-07,PHARMAB,Healthcare,174.18,175.35,172.84,174.01,174.01,8552473.0
2024-05-08,PHARMAB,Healthcare,170.71,172.18,169.09,170.55,170.55,11471233.0
2024-05-09,PHARMAB,Healthcare,171.66,173.2,170.89,172.43,172.43,8824114.0
2024-05-10,PHARMAB,Healthcare,172.68,173.98,171.58,172.88,172.88,8247296.0
2024-05-13,PHARMAB,Healthcare,174.56,177.44,171.58,174.45,174.45,11429670.0
2024-05-14,PHARMAB,Healthcare,173.83,177.22,170.76,174.13,174.13,10464231.0
2024-05-15,PHARMAB,Healthcare,177.42,179.67,173.47,175.7,175.7,11353321.0
2024-05-16,PHARMAB,Healthcare,175.74,179.29,172.8,176.33,176.33,6679479.0
2024-05-17,PHARMAB,Healthcare,178.39,180.64,175.3,177.55,177.55,10800174.0
2024-05-20,PHARMAB,Healthcare,180.28,180.91,179.03,179.66,179.66,12085153.0
2024-05-21,PHARMAB,Healthcare,176.9,180.08,173.72,176.91,176.91,9154942.0
2024-05-22,PHARMAB,Healthcare,174.82,176.22,174.04,175.43,175.43,9218477.0
2024-05-23,PHARMAB,Healthcare,180.15,183.1,177.77,180.71,180.71,13589846.0
2024-05-24,PHARMAB,Healthcare,180.89,182.5,179.66,181.27,181.27,8784264.0
2024-05-27,PHARMAB,Healthcare,176.2,179.05,174.64,177.47,177.47,13855562.0
2024-05-28,PHARMAB,Healthcare,173.07,175.97,170.88,173.77,173.77,10397767.0
2024-05-29,PHARMAB,Healthcare,172.66,175.35,171.01,173.69,173.69,9197792.0
2024-05-30,PHARMAB,Healthcare,173.56,174.73,171.46,172.63,172.63,10390814.0
2024-05-31,PHARMAB,Healthcare,171.39,172.76,169.59,170.97,170.97,9243099.0
2024-06-03,PHARMAB,Healthcare,175.5,176.93,173.53,174.95,174.95,13190099.0
2024-06-04,PHARMAB,Healthcare,174.64,177.67,171.2,174.23,174.23,8840623.0
2024-06-05,PHARMAB,Healthcare,176.24,178.88,173.48,176.12,176.12,8902764.0
2024-06-06,PHARMAB,Healthcare,177.79,179.55,175.02,176.76,176.76,6526021.0
2024-06-07,PHARMAB,Healthcare,175.76,177.25,174.71,176.19,176.19,7945584.0
2024-06-10,PHARMAB,Healthcare,173.83,176.47,171.12,173.76,173.76,11169863.0
2024-06-11,PHARMAB,Healthcare,176.06,177.0,174.59,175.53,175.53,11679328.0
2024-06-12,PHARMAB,Healthcare,169.6,171.55,168.56,170.5,170.5,9935247.0
2024-06-13,PHARMAB,Healthcare,174.6,176.09,171.0,172.47,172.47,8653206.0
2024-06-14,PHARMAB,Healthcare,172.9,175.7,170.08,172.88,172.88,6642822.0
2024-06-17,PHARMAB,Healthcare,174.41,175.28,173.45,174.31,174.31,10135156.0
2024-06-18,PHARMAB,Healthcare,175.29,176.14,173.57,174.41,174.41,10418431.0
2024-06-19,PHARMAB,Healthcare,172.43,174.23,170.02,171.8,171.8,10779302.0
2024-06-20,PHARMAB,Healthcare,172.78,174.02,171.52,172.76,172.76,9380420.0
2024-06-21,PHARMAB,Healthcare,174.79,176.81,172.68,174.7,174.7,9746442.0
2024-06-24,PHARMAB,Healthcare,172.68,175.43,171.0,173.73,173.73,6605616.0
2024-06-25,PHARMAB,Healthcare,174.87,176.93,173.2,175.26,175.26,10413751.0
2024-06-26,PHARMAB,Healthcare,176.36,177.19,175.17,176.0,176.0,9131777.0
2024-06-27,PHARMAB,Healthcare,177.4,178.31,176.18,177.08,177.08,9695662.0
2024-06-28,PHARMAB,Healthcare,176.12,178.81,172.58,175.26,175.26,11597339.0
2024-07-01,PHARMAB,Healthcare,178.11,181.1,175.21,178.2,178.2,11817278.0
2024-07-02,PHARMAB,Healthcare,177.96,180.12,176.8,178.95,178.95,10054323.0
2024-07-03,PHARMAB,Healthcare,181.69,182.54,180.07,180.92,180.92,11831126.0
2024-07-04,PHARMAB,Healthcare,181.16,181.85,179.44,180.12,180.12,11169012.0
2024-07-05,PHARMAB,Healthcare,183.11,185.33,180.24,182.45,182.45,10115363.0
2024-07-08,PHARMAB,Healthcare,181.45,184.07,178.96,181.57,181.57,6645793.0
2024-07-09,PHARMAB,Healthcare,180.38,181.93,178.09,179.63,179.63,9177189.0
2024-07-10,PHARMAB,Healthcare,186.29,188.75,181.35,183.77,183.77,12700521.0
2024-07-11,PHARMAB,Healthcare,178.53,180.97,176.0,178.45,178.45,8398438.0
2024-07-12,PHARMAB,Healthcare,184.41,188.54,181.27,185.38,185.38,9278558.0
2024-07-15,PHARMAB,Healthcare,186.68,187.86,185.94,187.12,187.12,6825922.0
2024-07-16,PHARMAB,Healthcare,186.93,188.03,185.37,186.47,186.47,9699927.0
2024-07-17,PHARMAB,Healthcare,186.12,188.08,185.37,187.32,187.32,8655921.0
2024-07-18,PHARMAB,Healthcare,189.21,192.24,186.05,189.08,189.08,8496074.0
2024-07-19,PHARMAB,Healthcare,188.67,191.47,185.57,188.38,188.38,6523833.0
2024-07-22,PHARMAB,Healthcare,194.55,196.81,191.12,193.36,193.36,12788721.0
2024-07-23,PHARMAB,Healthcare,198.12,198.96,196.25,197.09,197.09,9272101.0
2024-07-24,PHARMAB,Healthcare,204.78,206.23,202.62,204.07,204.07,10525831.0
2024-07-25,PHARMAB,Healthcare,199.31,202.55,197.82,201.05,201.05,10825219.0
2024-07-26,PHARMAB,Healthcare,202.44,204.75,199.39,201.69,201.69,8781361.0
2024-07-29,PHARMAB,Healthcare,198.85,200.22,196.93,198.29,198.29,9336010.0
2024-07-30,PHARMAB,Healthcare,195.88,196.68,194.88,195.68,195.68,10542001.0
2024-07-31,PHARMAB,Healthcare,193.62,197.69,190.92,194.97,194.97,7364806.0
2024-08-01,PHARMAB,Healthcare,193.7,195.76,192.25,194.31,194.31,10014028.0
2024-08-02,PHARMAB,Healthcare,194.39,197.22,192.49,195.31,195.31,7300937.0
2024-08-05,PHARMAB,Healthcare,193.55,196.09,192.6,195.13,195.13,6526274.0
2024-08-06,PHARMAB,Healthcare,197.2,200.16,194.23,197.2,197.2,10957094.0
2024-08-07,PHARMAB,Healthcare,197.45,200.36,195.19,198.09,198.09,9716528.0
2024-08-08,PHARMAB,Healthcare,204.46,207.84,198.99,202.34,202.34,
2024-08-09,PHARMAB,Healthcare,204.42,206.69,202.29,204.56,204.56,7245604.0
2024-08-12,PHARMAB,Healthcare,202.68,206.15,198.19,201.64,201.64,11853293.0
2024-08-13,PHARMAB,Healthcare,200.1,204.66,196.82,201.36,201.36,9630084.0
2024-08-14,PHARMAB,Healthcare,200.84,203.61,198.5,201.26,201.26,7310711.0
2024-08-15,PHARMAB,Healthcare,202.56,206.0,199.03,202.48,202.48,9660544.0
2024-08-16,PHARMAB,Healthcare,204.59,206.95,202.99,205.34,205.34,7578699.0
2024-08-19,PHARMAB,Healthcare,205.82,207.92,204.07,206.17,206.17,8619950.0
2024-08-20,PHARMAB,Healthcare,207.59,208.54,206.83,207.77,207.77,6424696.0
2024-08-21,PHARMAB,Healthcare,204.73,207.35,202.31,204.92,204.92,9147087.0
2024-08-22,PHARMAB,Healthcare,205.35,208.19,201.02,203.84,203.84,6511119.0
2024-08-23,PHARMAB,Healthcare,199.38,202.29,196.17,199.08,199.08,10831866.0
2024-08-26,PHARMAB,Healthcare,200.67,201.73,199.24,200.29,200.29,8411430.0
2024-08-27,PHARMAB,Healthcare,202.96,204.92,200.56,202.52,202.52,9117427.0
2024-08-28,PHARMAB,Healthcare,199.76,200.89,198.15,199.28,199.28,7323094.0
2024-08-29,PHARMAB,Healthcare,199.7,202.35,197.12,199.77,199.77,7697361.0
2024-08-30,PHARMAB,Healthcare,199.35,200.68,198.28,199.61,199.61,9454050.0
2024-09-02,PHARMAB,Healthcare,204.13,207.51,200.62,204.0,204.0,9864574.0
2024-09-03,PHARMAB,Healthcare,202.74,204.05,200.5,201.81,201.81,10627042.0
2024-09-04,PHARMAB,Healthcare,205.17,206.68,202.75,204.25,204.25,8800351.0
2024-09-05,PHARMAB,Healthcare,207.11,210.58,203.85,207.31,207.31,9432161.0
2024-09-06,PHARMAB,Healthcare,207.54,209.59,204.86,206.9,206.9,8654689.0
2024-09-09,PHARMAB,Healthcare,207.6,208.46,206.91,207.77,207.77,10923898.0
2024-09-10,PHARMAB,Healthcare,210.73,212.93,208.51,210.71,210.71,7491385.0
2024-09-11,PHARMAB,Healthcare,207.51,208.79,206.63,207.91,207.91,7002821.0
2024-09-12,PHARMAB,Healthcare,206.74,210.57,203.06,206.89,206.89,9254575.0
2024-09-13,PHARMAB,Healthcare,208.59,211.05,205.02,207.47,207.47,10710096.0
2024-09-16,PHARMAB,Healthcare,213.12,214.58,211.58,213.04,213.04,14578299.0
2024-09-17,PHARMAB,Healthcare,212.19,214.62,209.64,212.07,212.07,8567319.0
2024-09-18,PHARMAB,Healthcare,210.23,212.33,209.36,211.46,211.46,8286388.0
2024-09-19,PHARMAB,Healthcare,215.45,218.96,212.22,215.72,215.72,11407731.0
2024-09-20,PHARMAB,Healthcare,217.42,221.31,213.75,217.63,217.63,9467618.0
2024-09-23,PHARMAB,Healthcare,223.07,227.41,219.47,223.81,223.81,12364650.0
2024-09-24,PHARMAB,Healthcare,227.04,228.88,225.17,227.02,227.02,12014331.0
2024-09-25,PHARMAB,Healthcare,226.32,228.5,224.54,226.71,226.71,9480879.0
2024-09-26,PHARMAB,Healthcare,226.07,226.87,225.2,226.0,226.0,8462371.0
2024-09-27,PHARMAB,Healthcare,223.88,226.73,220.91,223.77,223.77,9091194.0
2024-09-30,PHARMAB,Healthcare,219.38,222.65,216.96,220.22,220.22,10890259.0
2024-10-01,PHARMAB,Healthcare,220.92,223.46,218.74,221.28,221.28,8441832.0
2024-10-02,PHARMAB,Healthcare,223.21,226.91,219.43,223.14,223.14,8876433.0
2024-10-03,PHARMAB,Healthcare,226.42,227.67,224.11,225.35,225.35,6593696.0
2024-10-04,PHARMAB,Healthcare,225.34,226.05,224.4,225.11,225.11,6617034.0
2024-10-07,PHARMAB,Healthcare,230.15,231.71,229.21,230.76,230.76,10991581.0
2024-10-08,PHARMAB,Healthcare,227.32,228.76,225.51,226.95,226.95,12093046.0
2024-10-09,PHARMAB,Healthcare,224.41,225.2,222.11,222.89,222.89,8939361.0
2024-10-10,PHARMAB,Healthcare,221.52,223.85,218.38,220.71,220.71,9422702.0
2024-10-11,PHARMAB,Healthcare,221.31,223.02,219.13,220.83,220.83,7402227.0
2024-10-14,PHARMAB,Healthcare,218.53,219.78,216.66,217.9,217.9,7419673.0
2024-10-15,PHARMAB,Healthcare,223.01,226.19,218.58,221.74,221.74,12997653.0
2024-10-16,PHARMAB,Healthcare,220.73,222.07,218.45,219.79,219.79,11123673.0
2024-10-17,PHARMAB,Healthcare,217.86,220.76,214.47,217.36,217.36,7058382.0
2024-10-18,PHARMAB,Healthcare,221.32,223.14,218.56,220.38,220.38,11041250.0
2024-10-21,PHARMAB,Healthcare,220.1,223.42,217.75,221.06,221.06,7694561.0
2024-10-22,PHARMAB,Healthcare,222.02,227.16,218.24,223.36,223.36,12121195.0
2024-10-23,PHARMAB,Healthcare,223.47,224.27,222.54,223.33,223.33,7148033.0
2024-10-24,PHARMAB,Healthcare,224.27,226.62,221.85,224.21,224.21,7224164.0
2024-10-25,PHARMAB,Healthcare,219.82,223.78,216.34,220.3,220.3,10665979.0
2024-10-28,PHARMAB,Healthcare,220.72,223.33,217.39,219.99,219.99,9924453.0
2024-10-29,PHARMAB,Healthcare,215.59,218.76,214.05,217.21,217.21,7869528.0
2024-10-30,PHARMAB,Healthcare,222.26,224.73,220.26,222.73,222.73,12499216.0
2024-10-31,PHARMAB,Healthcare,226.06,229.49,223.07,226.5,226.5,7451720.0
2024-11-01,PHARMAB,Healthcare,223.27,228.42,219.62,224.75,224.75,11313162.0
2024-11-04,PHARMAB,Healthcare,225.61,226.42,223.45,224.27,224.27,6254539.0
2024-11-05,PHARMAB,Healthcare,222.7,224.83,221.79,223.92,223.92,10340699.0
2024-11-06,PHARMAB,Healthcare,229.65,232.0,227.84,230.19,230.19,11338532.0
2024-11-07,PHARMAB,Healthcare,232.29,233.8,229.95,231.45,231.45,8484164.0
2024-11-08,PHARMAB,Healthcare,230.91,232.52,228.71,230.32,230.32,11161272.0
2024-11-11,PHARMAB,Healthcare,229.83,232.31,228.38,230.85,230.85,10840986.0
2024-11-12,PHARMAB,Healthcare,227.15,228.5,225.19,226.53,226.53,11347643.0
2024-11-13,PHARMAB,Healthcare,226.69,227.82,225.31,226.43,226.43,6326156.0
2024-11-14,PHARMAB,Healthcare,225.56,229.4,219.67,223.47,223.47,9736608.0
2024-11-15,PHARMAB,Healthcare,218.79,219.92,217.31,218.44,218.44,11085555.0
2024-11-18,PHARMAB,Healthcare,223.95,225.44,222.59,224.08,224.08,11248746.0
2024-11-19,PHARMAB,Healthcare,223.34,225.61,221.85,224.11,224.11,8449233.0
2024-11-20,PHARMAB,Healthcare,221.39,225.82,217.62,222.05,222.05,6559161.0
2024-11-21,PHARMAB,Healthcare,216.74,220.57,213.63,217.45,217.45,12010592.0
2024-11-22,PHARMAB,Healthcare,218.14,221.38,213.73,216.95,216.95,9442585.0
2024-11-25,PHARMAB,Healthcare,216.66,217.65,215.66,216.65,216.65,6358128.0
2024-11-26,PHARMAB,Healthcare,219.34,222.75,215.45,218.85,218.85,9709090.0
2024-11-27,PHARMAB,Healthcare,217.65,219.63,214.37,216.34,216.34,9893736.0
2024-11-28,PHARMAB,Healthcare,212.96,216.48,211.48,214.99,214.99,9824997.0
2024-11-29,PHARMAB,Healthcare,213.69,216.18,210.13,212.6,212.6,7105720.0
2024-12-02,PHARMAB,Healthcare,212.17,215.42,208.87,212.12,212.12,9005911.0
2024-12-03,PHARMAB,Healthcare,207.32,210.36,203.92,206.96,206.96,9659404.0
2024-12-04,PHARMAB,Healthcare,204.29,208.32,200.95,204.97,204.97,9311542.0
2024-12-05,PHARMAB,Healthcare,206.08,210.2,202.59,206.7,206.7,10605550.0
2024-12-06,PHARMAB,Healthcare,204.03,205.37,202.29,203.63,203.63,11149562.0
2024-12-09,PHARMAB,Healthcare,208.28,210.23,204.38,206.31,206.31,7459628.0
2024-12-10,PHARMAB,Healthcare,209.53,210.2,208.02,208.69,208.69,9999044.0
2024-12-11,PHARMAB,Healthcare,212.39,215.83,207.9,211.32,211.32,12310846.0
2024-12-12,PHARMAB,Healthcare,211.25,212.54,210.13,211.41,211.41,6467954.0
2024-12-13,PHARMAB,Healthcare,210.75,214.63,207.4,211.26,211.26,9913445.0
2024-12-16,PHARMAB,Healthcare,211.55,213.9,209.87,212.22,212.22,9690031.0
2024-12-17,PHARMAB,Healthcare,215.46,217.72,213.62,215.88,215.88,11823690.0
2024-12-18,PHARMAB,Healthcare,217.55,220.14,216.77,219.35,219.35,8706871.0
2024-12-19,PHARMAB,Healthcare,214.28,216.61,212.59,214.91,214.91,9255387.0
2024-12-20,PHARMAB,Healthcare,212.18,216.13,208.71,212.65,212.65,11666207.0
2024-12-23,PHARMAB,Healthcare,209.8,210.66,209.09,209.95,209.95,8846602.0
2024-12-24,PHARMAB,Healthcare,212.09,214.02,210.05,211.98,211.98,6830992.0
2024-12-25,PHARMAB,Healthcare,210.58,211.31,209.55,210.28,210.28,9627830.0
2024-12-26,PHARMAB,Healthcare,209.82,211.63,208.03,209.84,209.84,6468860.0
2024-12-27,PHARMAB,Healthcare,214.0,215.7,212.81,214.5,214.5,12646395.0
2024-12-30,PHARMAB,Healthcare,215.95,219.13,214.48,217.66,217.66,10692165.0
2024-12-31,PHARMAB,Healthcare,221.06,225.15,217.49,221.57,221.57,12540338.0
2022-01-03,RETAILX,Retail,80.05,80.65,79.4,80.0,80.0,5746150.0
2022-01-04,RETAILX,Retail,83.13,84.35,81.28,82.49,82.49,12998289.0
2022-01-05,RETAILX,Retail,83.04,84.24,81.42,82.61,82.61,6802931.0
2022-01-06,RETAILX,Retail,84.04,85.37,82.91,84.24,84.24,8902310.0
2022-01-07,RETAILX,Retail,84.18,85.79,82.71,84.31,84.31,5216669.0
2022-01-10,RETAILX,Retail,84.53,85.67,83.78,84.91,84.91,5628661.0
2022-01-11,RETAILX,Retail,84.52,85.23,84.1,84.8,84.8,8111697.0
2022-01-12,RETAILX,Retail,84.31,86.07,83.21,84.96,84.96,7401695.0
2022-01-13,RETAILX,Retail,85.2,86.42,84.01,85.23,85.23,7414637.0
2022-01-14,RETAILX,Retail,84.75,85.74,83.26,84.24,84.24,7003577.0
2022-01-17,RETAILX,Retail,83.78,84.29,83.15,83.66,83.66,8916159.0
2022-01-18,RETAILX,Retail,83.81,84.7,82.48,83.36,83.36,
2022-01-19,RETAILX,Retail,84.07,84.72,83.07,83.71,83.71,6093276.0
2022-01-20,RETAILX,Retail,83.5,84.47,82.71,83.68,83.68,6914762.0
2022-01-21,RETAILX,Retail,85.18,86.52,84.1,85.44,85.44,8039079.0
2022-01-24,RETAILX,Retail,86.49,87.97,85.27,86.74,86.74,7318283.0
2022-01-25,RETAILX,Retail,85.86,87.02,85.31,86.46,86.46,8035147.0
2022-01-26,RETAILX,Retail,88.61,89.42,87.8,88.6,88.6,10471536.0
2022-01-27,RETAILX,Retail,90.53,92.24,89.89,91.59,91.59,12533654.0
2022-01-28,RETAILX,Retail,88.57,89.1,87.84,88.37,88.37,10363138.0
2022-01-31,RETAILX,Retail,89.87,91.2,88.52,89.84,89.84,6532037.0
2022-02-01,RETAILX,Retail,88.94,90.41,87.29,88.77,88.77,7193188.0
2022-02-02,RETAILX,Retail,90.43,91.2,89.27,90.04,90.04,10999625.0
2022-02-03,RETAILX,Retail,92.12,93.44,90.73,92.05,92.05,9879951.0
2022-02-04,RETAILX,Retail,91.24,92.74,89.16,90.65,90.65,9762259.0
2022-02-07,RETAILX,Retail,87.97,89.35,86.37,87.75,87.75,7419036.0
2022-02-08,RETAILX,Retail,88.8,89.58,88.29,89.07,89.07,8697729.0
2022-02-09,RETAILX,Retail,89.21,90.84,87.66,89.29,89.29,5282211.0
2022-02-10,RETAILX,Retail,85.93,87.47,85.19,86.72,86.72,10601662.0
2022-02-11,RETAILX,Retail,90.36,91.42,89.63,90.69,90.69,14612970.0
2022-02-14,RETAILX,Retail,91.57,92.07,91.21,91.71,91.71,10524734.0
2022-02-15,RETAILX,Retail,93.02,93.98,91.86,92.82,92.82,8501775.0
2022-02-16,RETAILX,Retail,94.81,95.53,94.37,95.09,95.09,9332691.0
2022-02-17,RETAILX,Retail,93.67,94.77,93.04,94.14,94.14,10278282.0
2022-02-18,RETAILX,Retail,93.66,95.1,92.93,94.37,94.37,8062232.0
2022-02-21,RETAILX,Retail,92.0,93.61,90.6,92.22,92.22,7028169.0
2022-02-22,RETAILX,Retail,91.96,93.44,89.78,91.25,91.25,7995417.0
2022-02-23,RETAILX,Retail,91.98,92.68,91.19,91.89,91.89,6563146.0
2022-02-24,RETAILX,Retail,89.58,91.0,87.82,89.24,89.24,9988496.0
2022-02-25,RETAILX,Retail,87.94,89.66,86.55,88.26,88.26,7997114.0
2022-02-28,RETAILX,Retail,86.29,88.1,85.04,86.84,86.84,9199610.0
2022-03-01,RETAILX,Retail,86.65,87.52,86.2,87.07,87.07,6693931.0
2022-03-02,RETAILX,Retail,87.94,89.15,86.76,87.97,87.97,6487567.0
2022-03-03,RETAILX,Retail,88.44,90.68,86.92,89.15,89.15,8451203.0
2022-03-04,RETAILX,Retail,90.38,91.95,89.18,90.75,90.75,10667130.0
2022-03-07,RETAILX,Retail,92.77,93.73,92.03,92.98,92.98,10527358.0
2022-03-08,RETAILX,Retail,93.5,94.99,92.52,94.0,94.0,7390370.0
2022-03-09,RETAILX,Retail,96.37,98.43,95.15,97.2,97.2,13264927.0
2022-03-10,RETAILX,Retail,97.53,98.57,96.38,97.42,97.42,9082136.0
2022-03-11,RETAILX,Retail,97.15,97.62,96.67,97.14,97.14,6066636.0
2022-03-14,RETAILX,Retail,98.5,99.26,97.44,98.2,98.2,5922477.0
2022-03-15,RETAILX,Retail,97.41,99.31,95.94,97.84,97.84,8504172.0
2022-03-16,RETAILX,Retail,101.41,103.03,99.5,101.11,101.11,12509003.0
2022-03-17,RETAILX,Retail,103.79,104.32,102.64,103.16,103.16,11711953.0
2022-03-18,RETAILX,Retail,104.66,106.47,102.74,104.55,104.55,10423167.0
2022-03-21,RETAILX,Retail,104.56,105.64,103.73,104.81,104.81,7743993.0
2022-03-22,RETAILX,Retail,104.14,105.49,102.73,104.08,104.08,7926899.0
2022-03-23,RETAILX,Retail,105.11,106.9,103.61,105.39,105.39,5989710.0
2022-03-24,RETAILX,Retail,102.99,104.9,101.43,103.33,103.33,7755135.0
2022-03-25,RETAILX,Retail,106.47,108.3,104.36,106.18,106.18,9639411.0
2022-03-28,RETAILX,Retail,105.81,106.68,105.0,105.87,105.87,7923313.0
2022-03-29,RETAILX,Retail,106.97,108.67,104.77,106.46,106.46,7887695.0
2022-03-30,RETAILX,Retail,104.6,105.3,104.07,104.78,104.78,10004111.0
2022-03-31,RETAILX,Retail,106.0,107.58,104.56,106.14,106.14,7287543.0
2022-04-01,RETAILX,Retail,105.07,106.8,103.59,105.31,105.31,8180172.0
2022-04-04,RETAILX,Retail,106.07,107.95,104.67,106.54,106.54,6219885.0
2022-04-05,RETAILX,Retail,108.35,109.08,107.26,107.99,107.99,8022147.0
2022-04-06,RETAILX,Retail,107.72,109.45,105.07,106.78,106.78,9474539.0
2022-04-07,RETAILX,Retail,104.55,105.29,103.97,104.71,104.71,10198928.0
2022-04-08,RETAILX,Retail,107.3,108.0,106.89,107.59,107.59,12781176.0
2022-04-11,RETAILX,Retail,106.92,108.72,105.45,107.24,107.24,6399570.0
2022-04-12,RETAILX,Retail,107.4,108.78,106.31,107.69,107.69,7468813.0
2022-04-13,RETAILX,Retail,109.35,111.07,106.92,108.63,108.63,7145278.0
2022-04-14,RETAILX,Retail,105.97,107.2,105.04,106.27,106.27,9051607.0
2022-04-15,RETAILX,Retail,106.91,107.75,106.32,107.16,107.16,9612903.0
2022-04-18,RETAILX,Retail,106.83,109.04,105.17,107.37,107.37,8043991.0
2022-04-19,RETAILX,Retail,106.3,107.49,104.98,106.17,106.17,10118876.0
2022-04-20,RETAILX,Retail,104.02,104.65,103.41,104.04,104.04,7564389.0
2022-04-21,RETAILX,Retail,104.7,106.63,103.26,105.18,105.18,10014350.0
2022-04-22,RETAILX,Retail,106.93,108.45,105.79,107.31,107.31,6724893.0
2022-04-25,RETAILX,Retail,108.33,109.63,106.37,107.67,107.67,9114372.0
2022-04-26,RETAILX,Retail,105.01,106.05,103.95,104.99,104.99,8732955.0
2022-04-27,RETAILX,Retail,103.11,104.7,101.48,103.07,103.07,8010138.0
2022-04-28,RETAILX,Retail,102.35,103.93,100.72,102.3,102.3,7889562.0
2022-04-29,RETAILX,Retail,105.77,107.21,103.75,105.18,105.18,12560217.0
2022-05-02,RETAILX,Retail,104.31,105.22,103.83,104.74,104.74,5454352.0
2022-05-03,RETAILX,Retail,103.73,105.52,102.12,103.9,103.9,7200651.0
2022-05-04,RETAILX,Retail,100.82,102.21,99.51,100.89,100.89,12368300.0
2022-05-05,RETAILX,Retail,99.06,101.09,97.73,99.75,99.75,7740248.0
2022-05-06,RETAILX,Retail,97.26,98.44,96.44,97.62,97.62,7659463.0
2022-05-09,RETAILX,Retail,96.32,97.88,94.37,95.92,95.92,8508009.0
2022-05-10,RETAILX,Retail,96.43,97.77,94.8,96.14,96.14,6782074.0
2022-05-11,RETAILX,Retail,95.83,96.28,95.03,95.48,95.48,9712484.0
2022-05-12,RETAILX,Retail,98.17,99.29,97.27,98.4,98.4,11777280.0
2022-05-13,RETAILX,Retail,100.12,101.94,98.48,100.3,100.3,9075813.0
2022-05-16,RETAILX,Retail,98.54,99.62,98.17,99.25,99.25,10557597.0
2022-05-17,RETAILX,Retail,98.04,99.74,95.97,97.67,97.67,8564222.0
2022-05-18,RETAILX,Retail,100.54,101.86,98.78,100.1,100.1,7057903.0
2022-05-19,RETAILX,Retail,103.54,104.83,101.8,103.09,103.09,8664865.0
2022-05-20,RETAILX,Retail,99.83,100.53,98.49,99.19,99.19,10762959.0
2022-05-23,RETAILX,Retail,99.54,100.21,98.7,99.37,99.37,5743035.0
2022-05-24,RETAILX,Retail,99.56,101.27,97.25,98.95,98.95,9507649.0
2022-05-25,RETAILX,Retail,100.02,100.85,99.27,100.1,100.1,9583893.0
2022-05-26,RETAILX,Retail,102.88,105.12,101.37,103.61,103.61,9140429.0
2022-05-27,RETAILX,Retail,103.1,104.02,101.83,102.74,102.74,8362339.0
2022-05-30,RETAILX,Retail,98.38,99.6,97.88,99.09,99.09,12386773.0
2022-05-31,RETAILX,Retail,100.19,100.51,99.81,100.13,100.13,10285088.0
2022-06-01,RETAILX,Retail,103.02,104.17,101.48,102.63,102.63,11818679.0
2022-06-02,RETAILX,Retail,102.23,104.03,100.3,102.1,102.1,7661283.0
2022-06-03,RETAILX,Retail,101.77,102.64,99.99,100.85,100.85,9721648.0
2022-06-06,RETAILX,Retail,99.3,100.93,98.47,100.09,100.09,8134808.0
2022-06-07,RETAILX,Retail,101.59,102.45,100.76,101.62,101.62,8903785.0
2022-06-08,RETAILX,Retail,100.83,101.92,99.74,100.83,100.83,6054414.0
2022-06-09,RETAILX,Retail,100.88,102.4,99.91,101.43,101.43,5949143.0
2022-06-10,RETAILX,Retail,101.03,103.14,99.39,101.49,101.49,7236701.0
2022-06-13,RETAILX,Retail,101.03,102.45,99.96,101.38,101.38,6171533.0
2022-06-14,RETAILX,Retail,102.2,103.74,101.12,102.65,102.65,5955549.0
2022-06-15,RETAILX,Retail,101.76,102.32,101.25,101.81,101.81,8978916.0
2022-06-16,RETAILX,Retail,100.81,102.85,99.02,101.05,101.05,5633525.0
2022-06-17,RETAILX,Retail,102.63,103.33,101.81,102.5,102.5,9022155.0
2022-06-20,RETAILX,Retail,101.01,101.43,100.34,100.75,100.75,9088054.0
2022-06-21,RETAILX,Retail,99.44,100.73,97.93,99.21,99.21,11117972.0
2022-06-22,RETAILX,Retail,96.89,98.21,95.73,97.05,97.05,9309682.0
2022-06-23,RETAILX,Retail,98.64,99.55,97.62,98.53,98.53,6369343.0
2022-06-24,RETAILX,Retail,98.77,99.69,97.44,98.36,98.36,7444877.0
2022-06-27,RETAILX,Retail,96.3,97.72,94.7,96.12,96.12,11444580.0
2022-06-28,RETAILX,Retail,98.32,98.91,97.02,97.6,97.6,11212381.0
2022-06-29,RETAILX,Retail,97.04,98.53,95.18,96.66,96.66,7727609.0
2022-06-30,RETAILX,Retail,95.86,97.08,93.99,95.2,95.2,7727181.0
2022-07-01,RETAILX,Retail,93.94,95.77,93.07,94.89,94.89,9192923.0
2022-07-04,RETAILX,Retail,97.45,98.41,96.45,97.41,97.41,7966463.0
2022-07-05,RETAILX,Retail,96.63,97.42,95.97,96.75,96.75,8300665.0
2022-07-06,RETAILX,Retail,97.71,99.15,96.31,97.76,97.76,7665579.0
2022-07-07,RETAILX,Retail,98.72,100.09,97.66,99.03,99.03,6090438.0
2022-07-08,RETAILX,Retail,99.99,100.77,99.05,99.83,99.83,7159274.0
2022-07-11,RETAILX,Retail,101.37,103.33,100.16,102.11,102.11,8076158.0
2022-07-12,RETAILX,Retail,101.02,102.83,99.05,100.86,100.86,9282512.0
2022-07-13,RETAILX,Retail,98.73,99.98,97.79,99.03,99.03,11405985.0
2022-07-14,RETAILX,Retail,97.02,98.85,95.39,97.21,97.21,7767667.0
2022-07-15,RETAILX,Retail,97.15,97.94,96.19,96.98,96.98,8657309.0
2022-07-18,RETAILX,Retail,95.42,95.78,95.02,95.39,95.39,6455001.0
2022-07-19,RETAILX,Retail,96.06,96.64,95.07,95.65,95.65,7501134.0
2022-07-20,RETAILX,Retail,95.43,96.69,94.54,95.8,95.8,5346436.0
2022-07-21,RETAILX,Retail,97.52,98.16,96.91,97.55,97.55,11267352.0
2022-07-22,RETAILX,Retail,98.42,98.71,97.77,98.07,98.07,8814411.0
2022-07-25,RETAILX,Retail,97.51,99.14,95.74,97.37,97.37,8542243.0
2022-07-26,RETAILX,Retail,98.26,99.8,96.56,98.09,98.09,9341488.0
2022-07-27,RETAILX,Retail,96.77,98.14,94.98,96.34,96.34,9754476.0
2022-07-28,RETAILX,Retail,96.13,96.82,95.6,96.29,96.29,9092310.0
2022-07-29,RETAILX,Retail,96.61,97.32,96.15,96.85,96.85,8634576.0
2022-08-01,RETAILX,Retail,97.31,97.7,96.7,97.09,97.09,9159423.0
2022-08-02,RETAILX,Retail,97.76,99.17,96.4,97.82,97.82,7909753.0
2022-08-03,RETAILX,Retail,97.16,98.81,95.09,96.73,96.73,6340051.0
2022-08-04,RETAILX,Retail,98.88,99.81,97.8,98.73,98.73,9338513.0
2022-08-05,RETAILX,Retail,101.72,102.46,101.23,101.97,101.97,8071119.0
2022-08-08,RETAILX,Retail,99.28,100.34,98.08,99.14,99.14,10610653.0
2022-08-09,RETAILX,Retail,96.71,97.86,95.91,97.06,97.06,9215741.0
2022-08-10,RETAILX,Retail,97.51,98.36,96.31,97.15,97.15,7664194.0
2022-08-11,RETAILX,Retail,96.18,97.92,95.0,96.72,96.72,5297825.0
2022-08-12,RETAILX,Retail,100.52,101.9,98.65,100.03,100.03,8604540.0
2022-08-15,RETAILX,Retail,100.56,101.03,99.97,100.43,100.43,7428695.0
2022-08-16,RETAILX,Retail,102.88,103.31,102.52,102.95,102.95,12222008.0
2022-08-17,RETAILX,Retail,99.61,101.4,97.53,99.31,99.31,10149615.0
2022-08-18,RETAILX,Retail,100.97,101.62,100.11,100.76,100.76,8176069.0
2022-08-19,RETAILX,Retail,100.05,100.43,99.14,99.52,99.52,9443714.0
2022-08-22,RETAILX,Retail,98.77,99.35,97.68,98.26,98.26,8919141.0
2022-08-23,RETAILX,Retail,97.98,98.33,97.49,97.84,97.84,6584943.0
2022-08-24,RETAILX,Retail,95.1,96.28,94.25,95.43,95.43,9192346.0
2022-08-25,RETAILX,Retail,95.98,97.64,94.54,96.19,96.19,6545719.0
2022-08-26,RETAILX,Retail,96.51,97.32,95.72,96.53,96.53,9486518.0
2022-08-29,RETAILX,Retail,97.42,98.36,96.07,97.0,97.0,5879589.0
2022-08-30,RETAILX,Retail,98.37,99.84,97.08,98.55,98.55,8029522.0
2022-08-31,RETAILX,Retail,101.08,102.31,100.01,101.23,101.23,7042898.0
2022-09-01,RETAILX,Retail,101.35,102.96,99.0,100.6,100.6,6418298.0
2022-09-02,RETAILX,Retail,101.43,103.09,99.81,101.47,101.47,9281294.0
2022-09-05,RETAILX,Retail,101.75,102.33,101.43,102.01,102.01,6240057.0
2022-09-06,RETAILX,Retail,103.03,104.54,101.2,102.71,102.71,5804774.0
2022-09-07,RETAILX,Retail,103.42,104.47,102.39,103.44,103.44,7668349.0
2022-09-08,RETAILX,Retail,105.81,108.3,103.92,106.4,106.4,7046062.0
2022-09-09,RETAILX,Retail,106.0,107.08,104.48,105.56,105.56,5920139.0
2022-09-12,RETAILX,Retail,102.47,104.6,100.64,102.77,102.77,11733732.0
2022-09-13,RETAILX,Retail,101.55,103.0,100.08,101.53,101.53,9690016.0
2022-09-14,RETAILX,Retail,102.89,103.61,102.19,102.91,102.91,10567456.0
2022-09-15,RETAILX,Retail,103.07,104.21,101.83,102.97,102.97,8613108.0
2022-09-16,RETAILX,Retail,101.25,103.97,99.44,102.14,102.14,8767542.0
2022-09-19,RETAILX,Retail,100.1,101.83,98.52,100.24,100.24,6618557.0
2022-09-20,RETAILX,Retail,101.1,101.55,100.2,100.65,100.65,8738108.0
2022-09-21,RETAILX,Retail,102.33,103.72,100.43,101.81,101.81,9963539.0
2022-09-22,RETAILX,Retail,101.98,103.22,101.14,102.38,102.38,8995849.0
2022-09-23,RETAILX,Retail,102.32,102.63,101.62,101.94,101.94,7535820.0
2022-09-26,RETAILX,Retail,101.91,103.15,100.99,102.22,102.22,6156754.0
2022-09-27,RETAILX,Retail,102.34,103.16,101.67,102.49,102.49,8837842.0
2022-09-28,RETAILX,Retail,102.72,104.42,101.15,102.85,102.85,8421891.0
2022-09-29,RETAILX,Retail,100.79,101.6,99.93,100.74,100.74,11923420.0
2022-09-30,RETAILX,Retail,101.52,103.08,99.55,101.11,101.11,5891791.0
2022-10-03,RETAILX,Retail,100.45,100.75,100.04,100.34,100.34,6556756.0
2022-10-04,RETAILX,Retail,102.17,103.0,101.39,102.22,102.22,7426913.0
2022-10-05,RETAILX,Retail,102.87,103.55,101.8,102.48,102.48,8588647.0
2022-10-06,RETAILX,Retail,103.68,104.69,103.01,104.01,104.01,6987552.0
2022-10-07,RETAILX,Retail,103.45,103.89,103.03,103.48,103.48,5615365.0
2022-10-10,RETAILX,Retail,103.42,104.02,102.41,103.01,103.01,9770611.0
2022-10-11,RETAILX,Retail,106.0,107.21,104.58,105.78,105.78,7010238.0
2022-10-12,RETAILX,Retail,106.42,107.4,105.63,106.61,106.61,9451341.0
2022-10-13,RETAILX,Retail,104.66,106.27,103.69,105.3,105.3,7688478.0
2022-10-14,RETAILX,Retail,107.13,108.05,106.07,106.99,106.99,10503290.0
2022-10-17,RETAILX,Retail,105.34,107.72,103.64,106.01,106.01,8285767.0
2022-10-18,RETAILX,Retail,106.36,108.21,104.59,106.45,106.45,9280674.0
2022-10-19,RETAILX,Retail,110.49,111.64,108.83,109.97,109.97,13091379.0
2022-10-20,RETAILX,Retail,107.5,108.36,106.39,107.25,107.25,6860472.0
2022-10-21,RETAILX,Retail,106.07,107.42,105.58,106.93,106.93,5479559.0
2022-10-24,RETAILX,Retail,107.81,109.67,105.86,107.72,107.72,6645887.0
2022-10-25,RETAILX,Retail,109.06,109.63,108.64,109.2,109.2,9334677.0
2022-10-26,RETAILX,Retail,106.31,107.65,105.52,106.86,106.86,11543461.0
2022-10-27,RETAILX,Retail,104.16,104.93,103.24,104.02,104.02,9686135.0
2022-10-28,RETAILX,Retail,105.85,106.88,105.02,106.05,106.05,9653568.0
2022-10-31,RETAILX,Retail,104.53,105.3,103.96,104.73,104.73,6809925.0
2022-11-01,RETAILX,Retail,103.4,104.93,101.83,103.35,103.35,10001245.0
2022-11-02,RETAILX,Retail,105.97,106.75,105.45,106.23,106.23,12685639.0
2022-11-03,RETAILX,Retail,106.42,107.75,105.05,106.38,106.38,6190600.0
2022-11-04,RETAILX,Retail,106.29,107.06,105.77,106.54,106.54,7178485.0
2022-11-07,RETAILX,Retail,105.99,106.65,105.56,106.22,106.22,5532423.0
2022-11-08,RETAILX,Retail,104.38,106.12,102.24,103.97,103.97,9660560.0
2022-11-09,RETAILX,Retail,105.69,106.31,104.62,105.23,105.23,8324008.0
2022-11-10,RETAILX,Retail,105.29,107.64,103.67,106.01,106.01,6150824.0
2022-11-11,RETAILX,Retail,106.66,107.85,105.16,106.34,106.34,7116412.0
2022-11-14,RETAILX,Retail,106.74,107.18,105.7,106.14,106.14,6520816.0
2022-11-15,RETAILX,Retail,106.27,108.12,103.78,105.62,105.62,7669820.0
2022-11-16,RETAILX,Retail,107.57,108.29,106.63,107.35,107.35,9194510.0
2022-11-17,RETAILX,Retail,106.64,108.8,104.95,107.1,107.1,5138923.0
2022-11-18,RETAILX,Retail,107.26,107.86,106.4,106.99,106.99,8262914.0
2022-11-21,RETAILX,Retail,107.64,109.72,105.94,108.02,108.02,9069160.0
2022-11-22,RETAILX,Retail,108.28,108.78,107.93,108.43,108.43,6848251.0
2022-11-23,RETAILX,Retail,111.81,113.0,110.44,111.63,111.63,7371949.0
2022-11-24,RETAILX,Retail,107.89,109.81,106.32,108.24,108.24,11941516.0
2022-11-25,RETAILX,Retail,108.33,110.68,106.49,108.83,108.83,9696107.0
2022-11-28,RETAILX,Retail,107.7,109.49,105.71,107.5,107.5,7045903.0
2022-11-29,RETAILX,Retail,106.54,108.16,104.13,105.75,105.75,7863104.0
2022-11-30,RETAILX,Retail,105.44,107.16,103.2,104.91,104.91,6384723.0
2022-12-01,RETAILX,Retail,105.33,105.96,104.4,105.03,105.03,7491278.0
2022-12-02,RETAILX,Retail,105.64,106.41,104.47,105.23,105.23,5743250.0
2022-12-05,RETAILX,Retail,102.73,103.49,101.72,102.47,102.47,9036017.0
2022-12-06,RETAILX,Retail,101.7,102.58,100.63,101.51,101.51,8987561.0
2022-12-07,RETAILX,Retail,102.4,103.31,101.13,102.03,102.03,7854940.0
2022-12-08,RETAILX,Retail,99.93,101.61,98.82,100.48,100.48,8080268.0
2022-12-09,RETAILX,Retail,98.62,99.16,98.01,98.54,98.54,8685393.0
2022-12-12,RETAILX,Retail,94.68,95.98,93.42,94.72,94.72,11733725.0
2022-12-13,RETAILX,Retail,93.66,94.17,93.11,93.63,93.63,5816245.0
2022-12-14,RETAILX,Retail,91.59,92.47,90.89,91.76,91.76,6864481.0
2022-12-15,RETAILX,Retail,90.39,91.34,89.25,90.2,90.2,10903449.0
2022-12-16,RETAILX,Retail,89.49,91.12,88.15,89.78,89.78,5624559.0
2022-12-19,RETAILX,Retail,88.66,90.1,87.41,88.85,88.85,9159028.0
2022-12-20,RETAILX,Retail,86.83,88.16,85.73,87.06,87.06,11543241.0
2022-12-21,RETAILX,Retail,84.17,84.62,83.43,83.88,83.88,9521486.0
2022-12-22,RETAILX,Retail,84.34,85.29,83.4,84.34,84.34,7028406.0
2022-12-23,RETAILX,Retail,85.33,85.85,84.96,85.49,85.49,8801523.0
2022-12-26,RETAILX,Retail,84.78,85.64,84.04,84.9,84.9,9545058.0
2022-12-27,RETAILX,Retail,84.52,85.3,83.74,84.52,84.52,9515100.0
2022-12-28,RETAILX,Retail,85.09,85.39,84.23,84.54,84.54,8079542.0
2022-12-29,RETAILX,Retail,86.51,87.56,85.89,86.94,86.94,7489105.0
2022-12-30,RETAILX,Retail,84.81,86.28,83.12,84.58,84.58,10999260.0
2023-01-02,RETAILX,Retail,84.14,85.59,82.53,83.98,83.98,7379895.0
2023-01-03,RETAILX,Retail,81.19,82.15,80.52,81.48,81.48,10100857.0
2023-01-04,RETAILX,Retail,82.5,82.8,81.72,82.02,82.02,5640183.0
2023-01-05,RETAILX,Retail,82.0,82.46,81.36,81.82,81.82,5941332.0
2023-01-06,RETAILX,Retail,81.96,82.86,81.23,82.13,82.13,8732596.0
2023-01-09,RETAILX,Retail,81.75,83.78,80.34,82.36,82.36,7140900.0
2023-01-10,RETAILX,Retail,83.91,84.33,83.4,83.83,83.83,7830630.0
2023-01-11,RETAILX,Retail,84.63,85.86,83.4,84.64,84.64,7495958.0
2023-01-12,RETAILX,Retail,85.55,86.3,85.15,85.9,85.9,10422280.0
2023-01-13,RETAILX,Retail,83.97,85.81,82.48,84.32,84.32,10377186.0
2023-01-16,RETAILX,Retail,86.43,87.18,85.37,86.13,86.13,7993534.0
2023-01-17,RETAILX,Retail,84.38,86.29,83.15,85.05,85.05,6455980.0
2023-01-18,RETAILX,Retail,84.18,84.86,83.39,84.07,84.07,7039859.0
2023-01-19,RETAILX,Retail,84.42,85.54,83.38,84.49,84.49,9471356.0
2023-01-20,RETAILX,Retail,77.09,77.55,76.49,76.94,76.94,18255078.0
2023-01-23,RETAILX,Retail,75.42,75.9,75.03,75.51,75.51,9221960.0
2023-01-24,RETAILX,Retail,75.38,76.67,74.01,75.29,75.29,7772976.0
2023-01-25,RETAILX,Retail,77.08,78.6,75.79,77.31,77.31,9007757.0
2023-01-26,RETAILX,Retail,75.33,76.57,74.1,75.34,75.34,11600635.0
2023-01-27,RETAILX,Retail,77.51,78.47,76.4,77.36,77.36,9926424.0
2023-01-30,RETAILX,Retail,77.09,78.25,75.87,77.04,77.04,5756818.0
2023-01-31,RETAILX,Retail,74.05,74.35,73.64,73.94,73.94,8917608.0
2023-02-01,RETAILX,Retail,71.92,72.77,71.35,72.19,72.19,9813931.0
2023-02-02,RETAILX,Retail,70.82,71.53,70.27,70.99,70.99,11149021.0
2023-02-03,RETAILX,Retail,70.06,71.1,69.18,70.22,70.22,7251240.0
2023-02-06,RETAILX,Retail,70.02,70.69,69.44,70.1,70.1,8820801.0
2023-02-07,RETAILX,Retail,67.21,67.56,66.5,66.85,66.85,14113178.0
2023-02-08,RETAILX,Retail,66.98,67.88,66.18,67.08,67.08,6285654.0
2023-02-09,RETAILX,Retail,65.55,66.86,64.55,65.85,65.85,6502399.0
2023-02-10,RETAILX,Retail,67.65,68.24,66.91,67.5,67.5,7320083.0
2023-02-13,RETAILX,Retail,67.55,67.89,66.85,67.19,67.19,8561429.0
2023-02-14,RETAILX,Retail,67.98,68.73,67.58,68.33,68.33,7214846.0
2023-02-15,RETAILX,Retail,70.24,70.7,69.23,69.69,69.69,8403730.0
2023-02-16,RETAILX,Retail,71.16,71.7,70.51,71.05,71.05,9066907.0
2023-02-17,RETAILX,Retail,70.64,71.53,69.46,70.35,70.35,9178864.0
2023-02-20,RETAILX,Retail,70.06,70.9,68.81,69.65,69.65,6227351.0
2023-02-21,RETAILX,Retail,69.65,70.59,68.45,69.38,69.38,7026389.0
2023-02-22,RETAILX,Retail,70.15,70.77,69.55,70.18,70.18,8163693.0
2023-02-23,RETAILX,Retail,69.9,70.97,68.49,69.56,69.56,8175822.0
2023-02-24,RETAILX,Retail,69.49,69.92,69.0,69.42,69.42,8631432.0
2023-02-27,RETAILX,Retail,70.08,70.78,69.07,69.77,69.77,6076626.0
2023-02-28,RETAILX,Retail,69.01,70.04,67.65,68.68,68.68,10335154.0
2023-03-01,RETAILX,Retail,67.23,67.91,66.85,67.53,67.53,9867028.0
2023-03-02,RETAILX,Retail,67.56,67.88,67.04,67.35,67.35,7565326.0
2023-03-03,RETAILX,Retail,67.28,68.42,66.19,67.33,67.33,7919566.0
2023-03-06,RETAILX,Retail,67.89,68.45,67.3,67.86,67.86,7448933.0
2023-03-07,RETAILX,Retail,68.71,69.62,67.77,68.68,68.68,6501659.0
2023-03-08,RETAILX,Retail,67.39,67.62,67.14,67.37,67.37,9996298.0
2023-03-09,RETAILX,Retail,66.83,67.72,65.54,66.42,66.42,8674893.0
2023-03-10,RETAILX,Retail,64.95,65.81,64.45,65.3,65.3,9588559.0
2023-03-13,RETAILX,Retail,66.5,67.22,66.25,66.96,66.96,8718790.0
2023-03-14,RETAILX,Retail,66.32,67.64,65.51,66.83,66.83,9018620.0
2023-03-15,RETAILX,Retail,67.15,67.59,66.42,66.86,66.86,7460578.0
2023-03-16,RETAILX,Retail,66.73,67.53,66.15,66.94,66.94,5383762.0
2023-03-17,RETAILX,Retail,66.15,66.43,65.83,66.11,66.11,8114338.0
2023-03-20,RETAILX,Retail,67.94,68.33,67.59,67.97,67.97,11460821.0
2023-03-21,RETAILX,Retail,68.24,68.99,67.73,68.48,68.48,9202205.0
2023-03-22,RETAILX,Retail,68.77,69.07,68.24,68.54,68.54,7109520.0
2023-03-23,RETAILX,Retail,67.19,68.34,66.07,67.22,67.22,11259995.0
2023-03-23,RETAILX,Retail,67.19,68.34,66.07,67.22,67.22,11259995.0
2023-03-24,RETAILX,Retail,65.81,66.08,65.61,65.87,65.87,7927415.0
2023-03-27,RETAILX,Retail,65.59,66.26,64.85,65.52,65.52,7193957.0
2023-03-28,RETAILX,Retail,64.92,65.23,64.42,64.73,64.73,10330538.0
2023-03-29,RETAILX,Retail,63.29,64.02,62.81,63.53,63.53,11179369.0
2023-03-30,RETAILX,Retail,63.35,64.42,62.06,63.13,63.13,8578000.0
2023-03-31,RETAILX,Retail,63.26,63.61,62.56,62.9,62.9,9028694.0
2023-04-03,RETAILX,Retail,62.71,64.17,61.61,63.07,63.07,5515930.0
2023-04-04,RETAILX,Retail,62.59,62.97,62.14,62.52,62.52,9712479.0
2023-04-05,RETAILX,Retail,61.35,62.3,60.49,61.43,61.43,7958570.0
2023-04-06,RETAILX,Retail,60.56,61.24,59.72,60.39,60.39,7144123.0
2023-04-07,RETAILX,Retail,61.41,62.71,60.41,61.71,61.71,7840987.0
2023-04-10,RETAILX,Retail,60.76,61.45,59.69,60.37,60.37,8920619.0
2023-04-11,RETAILX,Retail,60.38,61.44,59.71,60.77,60.77,6578827.0
2023-04-12,RETAILX,Retail,61.28,61.7,60.91,61.34,61.34,7158627.0
2023-04-13,RETAILX,Retail,61.32,61.66,60.88,61.22,61.22,5662837.0
2023-04-14,RETAILX,Retail,62.99,64.22,61.94,63.17,63.17,9041425.0
2023-04-17,RETAILX,Retail,63.52,64.24,63.02,63.74,63.74,8335895.0
2023-04-18,RETAILX,Retail,65.91,66.48,65.29,65.85,65.85,10072551.0
2023-04-19,RETAILX,Retail,65.13,66.07,64.18,65.11,65.11,7486268.0
2023-04-20,RETAILX,Retail,64.4,64.92,63.88,64.4,64.4,9426609.0
2023-04-21,RETAILX,Retail,65.23,66.36,63.89,65.01,65.01,9934648.0
2023-04-24,RETAILX,Retail,64.62,65.63,63.71,64.72,64.72,8670438.0
2023-04-25,RETAILX,Retail,66.77,67.57,65.89,66.69,66.69,9129346.0
2023-04-26,RETAILX,Retail,66.96,68.19,65.88,67.1,67.1,8821894.0
2023-04-27,RETAILX,Retail,65.66,66.13,65.42,65.89,65.89,7111655.0
2023-04-28,RETAILX,Retail,63.84,64.35,63.4,63.91,63.91,8023231.0
2023-05-01,RETAILX,Retail,63.7,64.47,63.07,63.83,63.83,6506397.0
2023-05-02,RETAILX,Retail,63.63,64.15,63.22,63.74,63.74,8518456.0
2023-05-03,RETAILX,Retail,64.4,65.32,63.2,64.11,64.11,6478774.0
2023-05-04,RETAILX,Retail,65.43,66.6,64.33,65.5,65.5,6855774.0
2023-05-05,RETAILX,Retail,66.59,67.39,65.97,66.77,66.77,7050237.0
2023-05-08,RETAILX,Retail,66.11,66.65,65.56,66.1,66.1,9853969.0
2023-05-09,RETAILX,Retail,64.65,65.77,63.49,64.62,64.62,10222100.0
2023-05-10,RETAILX,Retail,62.94,63.85,62.33,63.24,63.24,7964462.0
2023-05-11,RETAILX,Retail,62.36,63.08,61.71,62.43,62.43,8685079.0
2023-05-12,RETAILX,Retail,61.96,62.55,61.44,62.04,62.04,7837662.0
2023-05-15,RETAILX,Retail,62.34,63.42,61.3,62.39,62.39,8336841.0
2023-05-16,RETAILX,Retail,61.7,62.41,60.81,61.52,61.52,7162221.0
2023-05-17,RETAILX,Retail,61.87,62.76,60.94,61.84,61.84,9237233.0
2023-05-18,RETAILX,Retail,62.55,63.5,61.3,62.24,62.24,6846892.0
2023-05-19,RETAILX,Retail,62.41,62.92,61.9,62.41,62.41,8178881.0
2023-05-22,RETAILX,Retail,61.62,62.21,60.61,61.19,61.19,6492226.0
2023-05-23,RETAILX,Retail,61.59,62.68,60.62,61.71,61.71,7321144.0
2023-05-24,RETAILX,Retail,63.83,64.56,63.29,64.02,64.02,9898830.0
2023-05-25,RETAILX,Retail,64.45,65.41,63.35,64.31,64.31,7712079.0
2023-05-26,RETAILX,Retail,61.39,62.44,60.01,61.06,61.06,9423027.0
2023-05-29,RETAILX,Retail,62.07,63.19,61.31,62.42,62.42,10972124.0
2023-05-30,RETAILX,Retail,61.61,62.53,60.74,61.66,61.66,6929384.0
2023-05-31,RETAILX,Retail,64.03,65.15,63.06,64.18,64.18,12385538.0
2023-06-01,RETAILX,Retail,64.36,65.37,63.32,64.33,64.33,8599062.0
2023-06-02,RETAILX,Retail,62.46,63.01,61.9,62.45,62.45,10589113.0
2023-06-05,RETAILX,Retail,60.55,60.78,60.0,60.23,60.23,12523110.0
2023-06-06,RETAILX,Retail,61.87,62.46,61.31,61.9,61.9,10848870.0
2023-06-07,RETAILX,Retail,63.47,64.31,62.3,63.13,63.13,8310302.0
2023-06-08,RETAILX,Retail,65.58,66.31,64.94,65.67,65.67,13186836.0
2023-06-09,RETAILX,Retail,65.93,66.87,64.75,65.69,65.69,6207249.0
2023-06-12,RETAILX,Retail,65.69,66.24,65.09,65.63,65.63,7434727.0
2023-06-13,RETAILX,Retail,65.65,66.48,64.39,65.2,65.2,8879691.0
2023-06-14,RETAILX,Retail,64.08,64.83,63.71,64.46,64.46,7658364.0
2023-06-15,RETAILX,Retail,63.73,64.94,62.82,64.03,64.03,6840159.0
2023-06-16,RETAILX,Retail,64.75,65.48,63.56,64.28,64.28,7281186.0
2023-06-19,RETAILX,Retail,63.16,63.73,62.78,63.34,63.34,10250797.0
2023-06-20,RETAILX,Retail,61.35,61.97,60.9,61.52,61.52,12806570.0
2023-06-21,RETAILX,Retail,61.48,62.58,60.61,61.7,61.7,7555305.0
2023-06-22,RETAILX,Retail,61.05,61.68,60.15,60.77,60.77,9488720.0
2023-06-23,RETAILX,Retail,57.12,57.77,56.76,57.41,57.41,16437192.0
2023-06-26,RETAILX,Retail,57.99,59.0,56.96,57.98,57.98,6136212.0
2023-06-27,RETAILX,Retail,56.81,57.65,56.03,56.87,56.87,7644788.0
2023-06-28,RETAILX,Retail,57.78,58.79,56.55,57.54,57.54,9322909.0
2023-06-29,RETAILX,Retail,58.07,58.75,57.53,58.2,58.2,9841115.0
2023-06-30,RETAILX,Retail,58.6,59.2,57.91,58.51,58.51,9210894.0
2023-07-03,RETAILX,Retail,60.86,62.16,59.86,61.15,61.15,11017721.0
2023-07-04,RETAILX,Retail,61.57,62.24,60.35,61.01,61.01,5487890.0
2023-07-05,RETAILX,Retail,60.66,61.54,59.83,60.71,60.71,7275994.0
2023-07-06,RETAILX,Retail,61.46,61.88,61.04,61.46,61.46,6979859.0
2023-07-07,RETAILX,Retail,61.82,62.42,60.81,61.41,61.41,6235038.0
2023-07-10,RETAILX,Retail,62.54,62.99,62.24,62.69,62.69,10701404.0
2023-07-11,RETAILX,Retail,61.72,62.1,60.94,61.31,61.31,7017065.0
2023-07-12,RETAILX,Retail,59.88,60.16,59.7,59.98,59.98,11227462.0
2023-07-13,RETAILX,Retail,60.97,61.19,60.59,60.81,60.81,8108029.0
2023-07-14,RETAILX,Retail,59.45,60.63,58.4,59.58,59.58,9748210.0
2023-07-17,RETAILX,Retail,59.91,60.64,59.51,60.24,60.24,6171643.0
2023-07-18,RETAILX,Retail,60.74,61.53,59.85,60.64,60.64,6990031.0
2023-07-19,RETAILX,Retail,60.06,61.0,58.98,59.91,59.91,6276581.0
2023-07-20,RETAILX,Retail,59.99,60.99,59.32,60.31,60.31,9884265.0
2023-07-21,RETAILX,Retail,58.95,59.33,58.64,59.02,59.02,11073415.0
2023-07-24,RETAILX,Retail,58.28,59.09,57.19,58.0,58.0,8688189.0
2023-07-25,RETAILX,Retail,57.9,58.6,57.07,57.77,57.77,6229081.0
2023-07-26,RETAILX,Retail,57.76,58.66,56.96,57.86,57.86,9079889.0
2023-07-27,RETAILX,Retail,57.42,58.39,56.58,57.56,57.56,6883971.0
2023-07-28,RETAILX,Retail,58.46,59.49,56.98,58.01,58.01,6263313.0
2023-07-31,RETAILX,Retail,58.08,59.09,57.4,58.41,58.41,8074931.0
2023-08-01,RETAILX,Retail,60.01,60.51,59.52,60.02,60.02,12497683.0
2023-08-02,RETAILX,Retail,59.58,60.69,58.82,59.93,59.93,5058208.0
2023-08-03,RETAILX,Retail,61.54,61.79,60.97,61.22,61.22,
2023-08-04,RETAILX,Retail,62.23,63.25,61.2,62.23,62.23,11064715.0
2023-08-07,RETAILX,Retail,64.85,65.17,64.5,64.81,64.81,9027276.0
2023-08-08,RETAILX,Retail,65.39,65.91,64.16,64.67,64.67,5576855.0
2023-08-09,RETAILX,Retail,64.05,65.18,63.08,64.21,64.21,8139594.0
2023-08-10,RETAILX,Retail,66.12,66.91,64.87,65.66,65.66,11411520.0
2023-08-11,RETAILX,Retail,66.01,66.7,65.42,66.12,66.12,7667689.0
2023-08-14,RETAILX,Retail,67.58,68.32,66.89,67.64,67.64,12214754.0
2023-08-15,RETAILX,Retail,69.23,70.33,67.43,68.51,68.51,9287254.0
2023-08-16,RETAILX,Retail,65.98,66.56,65.44,66.02,66.02,8206016.0
2023-08-17,RETAILX,Retail,66.11,67.54,65.05,66.47,66.47,10051525.0
2023-08-18,RETAILX,Retail,66.92,67.21,66.56,66.85,66.85,7215010.0
2023-08-21,RETAILX,Retail,66.97,68.0,65.99,67.02,67.02,6374563.0
2023-08-22,RETAILX,Retail,66.97,68.02,65.82,66.87,66.87,7523864.0
2023-08-23,RETAILX,Retail,65.0,65.4,64.62,65.03,65.03,8854603.0
2023-08-24,RETAILX,Retail,66.64,67.27,65.43,66.05,66.05,6522388.0
2023-08-25,RETAILX,Retail,66.65,67.01,66.13,66.5,66.5,5433661.0
2023-08-28,RETAILX,Retail,67.52,68.74,66.61,67.82,67.82,8816785.0
2023-08-29,RETAILX,Retail,66.04,66.77,65.28,66.01,66.01,11937451.0
2023-08-30,RETAILX,Retail,66.4,67.45,65.57,66.61,66.61,8346478.0
2023-08-31,RETAILX,Retail,66.28,66.74,65.89,66.35,66.35,9698020.0
2023-09-01,RETAILX,Retail,66.29,66.94,65.88,66.53,66.53,6389435.0
2023-09-04,RETAILX,Retail,66.84,67.08,66.04,66.28,66.28,6461026.0
2023-09-05,RETAILX,Retail,66.74,67.45,66.22,66.93,66.93,6419886.0
2023-09-06,RETAILX,Retail,66.93,67.69,65.99,66.75,66.75,5851397.0
2023-09-07,RETAILX,Retail,65.45,66.57,64.41,65.53,65.53,7842190.0
2023-09-08,RETAILX,Retail,65.34,66.49,64.49,65.64,65.64,8488335.0
2023-09-11,RETAILX,Retail,65.46,66.08,64.78,65.4,65.4,9231945.0
2023-09-12,RETAILX,Retail,65.42,66.55,64.19,65.32,65.32,9226905.0
2023-09-13,RETAILX,Retail,61.9,62.75,60.91,61.76,61.76,11023545.0
2023-09-14,RETAILX,Retail,61.86,63.58,60.81,62.52,62.52,10227003.0
2023-09-15,RETAILX,Retail,61.87,62.86,61.2,62.18,62.18,
2023-09-18,RETAILX,Retail,60.96,61.38,60.31,60.73,60.73,7343968.0
2023-09-19,RETAILX,Retail,61.51,61.97,61.27,61.73,61.73,10709194.0
2023-09-20,RETAILX,Retail,62.49,63.36,61.57,62.44,62.44,8910426.0
2023-09-21,RETAILX,Retail,61.78,62.39,61.48,62.09,62.09,6100100.0
2023-09-22,RETAILX,Retail,61.03,61.49,60.39,60.85,60.85,8805891.0
2023-09-25,RETAILX,Retail,61.28,61.95,60.38,61.05,61.05,6446730.0
2023-09-26,RETAILX,Retail,61.38,62.08,60.49,61.2,61.2,8323446.0
2023-09-27,RETAILX,Retail,62.47,63.22,61.47,62.21,62.21,8521765.0
2023-09-28,RETAILX,Retail,62.12,62.46,61.4,61.74,61.74,10160392.0
2023-09-29,RETAILX,Retail,62.77,63.61,62.22,63.06,63.06,6787273.0
2023-10-02,RETAILX,Retail,62.28,63.24,61.51,62.47,62.47,7336856.0
2023-10-03,RETAILX,Retail,61.24,62.31,59.95,61.02,61.02,9457873.0
2023-10-04,RETAILX,Retail,60.09,60.93,58.99,59.82,59.82,9172339.0
2023-10-05,RETAILX,Retail,59.6,60.77,58.6,59.77,59.77,6352397.0
2023-10-06,RETAILX,Retail,59.53,60.57,58.67,59.71,59.71,8129834.0
2023-10-09,RETAILX,Retail,59.91,60.78,59.19,60.06,60.06,9392006.0
2023-10-10,RETAILX,Retail,59.59,60.33,59.24,59.98,59.98,9086679.0
2023-10-11,RETAILX,Retail,60.72,61.82,59.93,61.03,61.03,10486438.0
2023-10-12,RETAILX,Retail,60.46,61.51,59.71,60.76,60.76,9092382.0
2023-10-13,RETAILX,Retail,58.6,59.37,57.89,58.67,58.67,11137429.0
2023-10-16,RETAILX,Retail,58.61,59.22,57.94,58.55,58.55,8668257.0
2023-10-17,RETAILX,Retail,56.62,57.24,55.91,56.52,56.52,9553055.0
2023-10-18,RETAILX,Retail,56.69,57.26,56.23,56.8,56.8,7102557.0
2023-10-19,RETAILX,Retail,57.77,58.51,57.15,57.88,57.88,8020231.0
2023-10-20,RETAILX,Retail,56.92,57.26,56.55,56.89,56.89,8704200.0
2023-10-23,RETAILX,Retail,58.0,59.22,57.12,58.34,58.34,8424719.0
2023-10-24,RETAILX,Retail,59.46,59.8,58.88,59.23,59.23,11004037.0
2023-10-25,RETAILX,Retail,60.82,61.08,60.25,60.51,60.51,8240221.0
2023-10-26,RETAILX,Retail,60.57,61.3,59.99,60.72,60.72,5624004.0
2023-10-27,RETAILX,Retail,59.58,60.45,58.82,59.68,59.68,9033365.0
2023-10-30,RETAILX,Retail,60.82,61.4,59.94,60.52,60.52,6243734.0
2023-10-31,RETAILX,Retail,59.83,60.29,59.41,59.86,59.86,6279774.0
2023-11-01,RETAILX,Retail,60.14,60.82,59.32,60.0,60.0,6052867.0
2023-11-02,RETAILX,Retail,59.8,60.32,59.31,59.83,59.83,7187297.0
2023-11-03,RETAILX,Retail,61.41,62.46,60.0,61.04,61.04,8767561.0
2023-11-06,RETAILX,Retail,61.96,63.0,60.8,61.84,61.84,9923000.0
2023-11-07,RETAILX,Retail,61.89,62.55,61.11,61.76,61.76,8205828.0
2023-11-08,RETAILX,Retail,59.81,60.29,59.21,59.68,59.68,10249374.0
2023-11-09,RETAILX,Retail,58.89,59.85,58.06,59.02,59.02,7395029.0
2023-11-10,RETAILX,Retail,59.66,59.98,59.45,59.77,59.77,7441742.0
2023-11-13,RETAILX,Retail,60.26,60.87,59.47,60.08,60.08,8825453.0
2023-11-14,RETAILX,Retail,58.54,59.01,58.04,58.51,58.51,7211784.0
2023-11-15,RETAILX,Retail,56.42,57.64,55.47,56.69,56.69,7391289.0
2023-11-16,RETAILX,Retail,57.32,57.5,56.71,56.89,56.89,8738689.0
2023-11-17,RETAILX,Retail,56.07,56.7,55.22,55.85,55.85,8888687.0
2023-11-20,RETAILX,Retail,54.93,55.7,54.15,54.92,54.92,6874199.0
2023-11-21,RETAILX,Retail,55.52,56.16,54.95,55.59,55.59,6986856.0
2023-11-22,RETAILX,Retail,56.83,57.07,56.54,56.79,56.79,11681706.0
2023-11-23,RETAILX,Retail,56.16,57.15,55.06,56.05,56.05,10251306.0
2023-11-24,RETAILX,Retail,55.56,56.62,54.96,56.01,56.01,8002839.0
2023-11-27,RETAILX,Retail,56.42,57.11,55.27,55.95,55.95,7086722.0
2023-11-28,RETAILX,Retail,55.62,56.16,55.26,55.8,55.8,7420436.0
2023-11-29,RETAILX,Retail,55.84,56.42,55.27,55.85,55.85,9168904.0
2023-11-30,RETAILX,Retail,56.61,57.15,56.07,56.6,56.6,10822661.0
2023-12-01,RETAILX,Retail,56.39,56.62,55.71,55.94,55.94,6871749.0
2023-12-04,RETAILX,Retail,54.45,54.72,54.2,54.47,54.47,11753366.0
2023-12-05,RETAILX,Retail,56.48,57.36,55.25,56.13,56.13,8314876.0
2023-12-06,RETAILX,Retail,57.32,57.7,56.85,57.22,57.22,7510168.0
2023-12-07,RETAILX,Retail,55.91,56.46,55.58,56.13,56.13,10062246.0
2023-12-08,RETAILX,Retail,56.3,56.9,55.68,56.27,56.27,6894534.0
2023-12-11,RETAILX,Retail,57.27,58.13,56.44,57.29,57.29,11235872.0
2023-12-12,RETAILX,Retail,57.81,58.29,57.59,58.07,58.07,6362552.0
2023-12-13,RETAILX,Retail,58.63,59.32,57.87,58.55,58.55,7970798.0
2023-12-14,RETAILX,Retail,58.39,58.67,58.11,58.38,58.38,9186037.0
2023-12-15,RETAILX,Retail,60.33,60.55,59.99,60.2,60.2,12707966.0
2023-12-18,RETAILX,Retail,60.49,60.72,60.22,60.45,60.45,5930193.0
2023-12-19,RETAILX,Retail,59.75,60.84,58.83,59.91,59.91,7349143.0
2023-12-20,RETAILX,Retail,61.03,61.32,60.56,60.85,60.85,9288757.0
2023-12-21,RETAILX,Retail,60.81,61.18,60.58,60.96,60.96,5758585.0
2023-12-22,RETAILX,Retail,60.59,61.93,60.01,61.35,61.35,9873166.0
2023-12-25,RETAILX,Retail,61.61,62.57,60.61,61.58,61.58,9287278.0
2023-12-26,RETAILX,Retail,61.99,62.56,61.56,62.13,62.13,6385570.0
2023-12-27,RETAILX,Retail,61.17,61.74,60.51,61.08,61.08,6848532.0
2023-12-28,RETAILX,Retail,60.02,60.23,59.33,59.54,59.54,7334191.0
2023-12-29,RETAILX,Retail,61.57,62.17,60.48,61.08,61.08,12079101.0
2024-01-01,RETAILX,Retail,61.32,62.07,60.6,61.36,61.36,6139933.0
2024-01-02,RETAILX,Retail,62.0,62.93,61.28,62.21,62.21,8058928.0
2024-01-03,RETAILX,Retail,60.46,60.94,59.83,60.31,60.31,10036422.0
2024-01-04,RETAILX,Retail,61.38,61.95,60.9,61.47,61.47,9563634.0
2024-01-05,RETAILX,Retail,61.01,61.29,60.64,60.92,60.92,5944789.0
2024-01-08,RETAILX,Retail,59.91,60.58,59.4,60.07,60.07,7137622.0
2024-01-09,RETAILX,Retail,60.07,60.34,59.74,60.01,60.01,8992075.0
2024-01-10,RETAILX,Retail,58.8,59.85,57.95,58.99,58.99,11033964.0
2024-01-11,RETAILX,Retail,59.28,60.32,57.97,59.0,59.0,8246514.0
2024-01-12,RETAILX,Retail,58.73,59.9,57.7,58.87,58.87,5180029.0
2024-01-15,RETAILX,Retail,60.15,61.11,59.03,59.99,59.99,8080046.0
2024-01-16,RETAILX,Retail,61.31,62.36,60.57,61.62,61.62,10596189.0
2024-01-17,RETAILX,Retail,63.46,64.32,62.41,63.26,63.26,8463346.0
2024-01-18,RETAILX,Retail,60.56,61.24,60.12,60.8,60.8,14112390.0
2024-01-19,RETAILX,Retail,59.87,60.62,59.07,59.81,59.81,9486609.0
2024-01-22,RETAILX,Retail,57.7,58.27,56.9,57.47,57.47,8433584.0
2024-01-23,RETAILX,Retail,56.24,56.86,55.66,56.28,56.28,11546887.0
2024-01-24,RETAILX,Retail,55.42,56.45,54.62,55.65,55.65,10505227.0
2024-01-25,RETAILX,Retail,56.17,56.58,55.66,56.06,56.06,5839333.0
2024-01-26,RETAILX,Retail,55.37,55.99,54.94,55.56,55.56,8152984.0
2024-01-29,RETAILX,Retail,55.0,56.02,54.07,55.09,55.09,7007930.0
2024-01-30,RETAILX,Retail,55.33,55.55,55.06,55.27,55.27,6921367.0
2024-01-31,RETAILX,Retail,53.93,54.49,53.09,53.64,53.64,8285742.0
2024-02-01,RETAILX,Retail,52.87,53.75,51.98,52.86,52.86,9001231.0
2024-02-02,RETAILX,Retail,52.41,53.04,51.77,52.4,52.4,10156127.0
2024-02-05,RETAILX,Retail,52.38,52.97,51.64,52.22,52.22,7416072.0
2024-02-06,RETAILX,Retail,52.31,52.67,51.95,52.3,52.3,5399819.0
2024-02-07,RETAILX,Retail,53.85,54.29,53.28,53.72,53.72,10524520.0
2024-02-08,RETAILX,Retail,54.83,55.69,53.73,54.59,54.59,7899847.0
2024-02-09,RETAILX,Retail,53.79,54.48,53.18,53.86,53.86,10275837.0
2024-02-12,RETAILX,Retail,52.92,54.2,52.36,53.63,53.63,7218200.0
2024-02-13,RETAILX,Retail,53.15,53.56,52.91,53.32,53.32,6232125.0
2024-02-14,RETAILX,Retail,53.11,53.28,52.68,52.85,52.85,6506580.0
2024-02-15,RETAILX,Retail,53.11,54.04,52.18,53.11,53.11,8785317.0
2024-02-16,RETAILX,Retail,51.34,51.85,50.89,51.41,51.41,9063200.0
2024-02-19,RETAILX,Retail,52.47,53.1,51.59,52.22,52.22,10079674.0
2024-02-20,RETAILX,Retail,53.79,54.04,53.57,53.81,53.81,8372849.0
2024-02-21,RETAILX,Retail,53.12,54.28,52.42,53.57,53.57,6723105.0
2024-02-22,RETAILX,Retail,52.98,54.21,52.08,53.3,53.3,7408465.0
2024-02-23,RETAILX,Retail,53.55,54.17,52.84,53.46,53.46,9305830.0
2024-02-26,RETAILX,Retail,54.42,54.7,54.16,54.44,54.44,11256879.0
2024-02-27,RETAILX,Retail,54.45,55.09,53.5,54.14,54.14,6288505.0
2024-02-28,RETAILX,Retail,54.88,55.84,54.09,55.04,55.04,8037134.0
2024-02-29,RETAILX,Retail,55.46,56.04,54.96,55.53,55.53,6289458.0
2024-03-01,RETAILX,Retail,54.7,55.78,53.81,54.89,54.89,8316512.0
2024-03-04,RETAILX,Retail,54.47,55.28,53.78,54.58,54.58,7458066.0
2024-03-05,RETAILX,Retail,52.32,53.59,51.46,52.72,52.72,13360318.0
2024-03-06,RETAILX,Retail,51.34,52.05,50.7,51.42,51.42,12237856.0
2024-03-07,RETAILX,Retail,51.42,51.69,51.17,51.44,51.44,6586452.0
2024-03-08,RETAILX,Retail,52.36,52.79,51.96,52.38,52.38,8911995.0
2024-03-11,RETAILX,Retail,52.24,52.55,51.48,51.79,51.79,10207938.0
2024-03-12,RETAILX,Retail,51.97,52.83,50.73,51.59,51.59,8827822.0
2024-03-13,RETAILX,Retail,52.07,52.98,51.32,52.23,52.23,5847142.0
2024-03-14,RETAILX,Retail,50.93,52.03,50.26,51.35,51.35,7883934.0
2024-03-15,RETAILX,Retail,50.79,51.19,50.41,50.81,50.81,7786104.0
2024-03-18,RETAILX,Retail,49.86,50.15,49.5,49.78,49.78,7726888.0
2024-03-19,RETAILX,Retail,50.66,51.57,49.94,50.84,50.84,7567097.0
2024-03-20,RETAILX,Retail,52.08,52.78,51.55,52.25,52.25,7148685.0
2024-03-21,RETAILX,Retail,51.14,51.47,50.5,50.82,50.82,10869124.0
2024-03-22,RETAILX,Retail,50.65,51.32,50.03,50.7,50.7,6251146.0
2024-03-25,RETAILX,Retail,52.12,52.31,51.8,51.98,51.98,7056685.0
2024-03-26,RETAILX,Retail,52.16,52.77,51.75,52.36,52.36,6540144.0
2024-03-27,RETAILX,Retail,51.91,52.44,51.38,51.92,51.92,9378333.0
2024-03-28,RETAILX,Retail,50.46,50.79,50.2,50.53,50.53,12041762.0
2024-03-29,RETAILX,Retail,51.44,52.49,50.52,51.57,51.57,9091600.0
2024-04-01,RETAILX,Retail,52.15,52.47,51.59,51.91,51.91,7339171.0
2024-04-02,RETAILX,Retail,50.31,50.84,50.06,50.59,50.59,12615617.0
2024-04-03,RETAILX,Retail,51.73,52.05,51.36,51.67,51.67,7590051.0
2024-04-04,RETAILX,Retail,50.17,50.97,49.44,50.24,50.24,8332298.0
2024-04-05,RETAILX,Retail,50.14,50.61,49.58,50.05,50.05,6507603.0
2024-04-08,RETAILX,Retail,49.76,50.4,49.19,49.83,49.83,6042511.0
2024-04-09,RETAILX,Retail,51.46,51.63,51.11,51.28,51.28,9304950.0
2024-04-10,RETAILX,Retail,50.86,51.23,50.68,51.05,51.05,9363855.0
2024-04-11,RETAILX,Retail,51.06,51.55,50.33,50.82,50.82,8039215.0
2024-04-12,RETAILX,Retail,49.62,50.38,48.86,49.62,49.62,9087712.0
2024-04-15,RETAILX,Retail,48.81,49.87,48.02,49.07,49.07,10368071.0
2024-04-16,RETAILX,Retail,48.51,48.72,48.17,48.38,48.38,6239596.0
2024-04-17,RETAILX,Retail,47.7,48.27,47.17,47.74,47.74,6989222.0
2024-04-18,RETAILX,Retail,47.43,48.55,46.63,47.75,47.75,7350150.0
2024-04-19,RETAILX,Retail,45.81,46.22,45.35,45.75,45.75,12466080.0
2024-04-22,RETAILX,Retail,44.74,45.43,43.87,44.56,44.56,7147431.0
2024-04-23,RETAILX,Retail,44.71,44.93,44.25,44.48,44.48,6811008.0
2024-04-24,RETAILX,Retail,44.51,45.34,43.75,44.58,44.58,7936462.0
2024-04-25,RETAILX,Retail,44.43,45.06,43.77,44.4,44.4,8347069.0
2024-04-26,RETAILX,Retail,44.39,45.15,43.62,44.38,44.38,7689275.0
2024-04-29,RETAILX,Retail,44.33,44.91,43.49,44.07,44.07,6950932.0
2024-04-30,RETAILX,Retail,43.92,44.43,43.55,44.06,44.06,5337543.0
2024-05-01,RETAILX,Retail,44.32,45.16,43.57,44.41,44.41,7520610.0
2024-05-02,RETAILX,Retail,44.6,45.07,44.28,44.75,44.75,6102669.0
2024-05-03,RETAILX,Retail,43.96,44.57,43.61,44.22,44.22,10549378.0
2024-05-06,RETAILX,Retail,44.99,45.59,44.33,44.94,44.94,8619514.0
2024-05-07,RETAILX,Retail,45.36,46.02,44.42,45.07,45.07,6545159.0
2024-05-08,RETAILX,Retail,46.04,46.85,45.26,46.07,46.07,10820202.0
2024-05-09,RETAILX,Retail,47.09,47.55,46.81,47.26,47.26,9682679.0
2024-05-10,RETAILX,Retail,46.11,46.8,45.39,46.08,46.08,8635776.0
2024-05-13,RETAILX,Retail,45.5,46.14,44.75,45.39,45.39,10253787.0
2024-05-14,RETAILX,Retail,46.03,46.24,45.85,46.06,46.06,10450046.0
2024-05-15,RETAILX,Retail,44.98,45.38,44.34,44.73,44.73,11227957.0
2024-05-16,RETAILX,Retail,45.72,46.21,45.39,45.87,45.87,7042616.0
2024-05-17,RETAILX,Retail,45.55,45.95,45.21,45.6,45.6,7972354.0
2024-05-20,RETAILX,Retail,46.13,46.95,45.26,46.08,46.08,9408182.0
2024-05-21,RETAILX,Retail,46.06,46.64,45.41,45.99,45.99,5662340.0
2024-05-22,RETAILX,Retail,44.89,45.51,44.26,44.88,44.88,8079472.0
2024-05-23,RETAILX,Retail,45.5,46.54,44.69,45.73,45.73,11074062.0
2024-05-24,RETAILX,Retail,48.46,48.88,47.6,48.01,48.01,8588041.0
2024-05-27,RETAILX,Retail,47.54,48.3,46.83,47.59,47.59,9199779.0
2024-05-28,RETAILX,Retail,47.34,47.79,46.87,47.32,47.32,7506898.0
2024-05-29,RETAILX,Retail,45.28,46.01,44.45,45.17,45.17,11690853.0
2024-05-30,RETAILX,Retail,46.15,46.53,45.89,46.27,46.27,6723349.0
2024-05-31,RETAILX,Retail,47.04,47.85,46.22,47.03,47.03,10419407.0
2024-06-03,RETAILX,Retail,45.49,45.9,45.21,45.62,45.62,9436937.0
2024-06-04,RETAILX,Retail,44.07,44.41,43.64,43.99,43.99,11209705.0
2024-06-05,RETAILX,Retail,42.47,43.12,41.86,42.51,42.51,11859144.0
2024-06-06,RETAILX,Retail,43.05,43.44,42.62,43.01,43.01,9257414.0
2024-06-07,RETAILX,Retail,43.4,44.11,42.87,43.58,43.58,10746031.0
2024-06-10,RETAILX,Retail,42.74,43.3,42.33,42.88,42.88,8923477.0
2024-06-11,RETAILX,Retail,43.03,43.88,42.43,43.27,43.27,7504418.0
2024-06-12,RETAILX,Retail,43.28,43.68,43.0,43.4,43.4,9356507.0
2024-06-13,RETAILX,Retail,42.68,43.29,42.52,43.13,43.13,8368581.0
2024-06-14,RETAILX,Retail,43.82,44.21,43.49,43.88,43.88,7778895.0
2024-06-17,RETAILX,Retail,42.87,43.4,42.44,42.96,42.96,7210458.0
2024-06-18,RETAILX,Retail,43.87,44.12,43.61,43.85,43.85,11060829.0
2024-06-19,RETAILX,Retail,43.3,43.66,42.93,43.29,43.29,7696734.0
2024-06-20,RETAILX,Retail,44.91,45.31,44.28,44.68,44.68,11320148.0
2024-06-21,RETAILX,Retail,44.36,44.53,43.74,43.91,43.91,8758007.0
2024-06-24,RETAILX,Retail,43.84,44.35,43.13,43.64,43.64,6294027.0
2024-06-25,RETAILX,Retail,43.61,44.4,42.9,43.69,43.69,7605332.0
2024-06-26,RETAILX,Retail,43.65,43.97,43.42,43.74,43.74,5269994.0
2024-06-27,RETAILX,Retail,44.28,44.81,43.6,44.13,44.13,7554924.0
2024-06-28,RETAILX,Retail,42.86,43.71,42.3,43.15,43.15,9711260.0
2024-07-01,RETAILX,Retail,43.07,43.53,42.67,43.12,43.12,6822028.0
2024-07-02,RETAILX,Retail,43.2,43.82,42.61,43.24,43.24,8407476.0
2024-07-03,RETAILX,Retail,42.94,43.34,42.45,42.84,42.84,9588848.0
2024-07-04,RETAILX,Retail,43.26,43.72,42.7,43.16,43.16,9079789.0
2024-07-05,RETAILX,Retail,42.02,42.28,41.89,42.15,42.15,6916612.0
2024-07-08,RETAILX,Retail,41.85,42.48,41.29,41.92,41.92,6233468.0
2024-07-09,RETAILX,Retail,41.44,41.98,40.83,41.37,41.37,8622420.0
2024-07-10,RETAILX,Retail,41.01,41.29,40.86,41.14,41.14,9619260.0
2024-07-11,RETAILX,Retail,42.41,42.78,41.85,42.21,42.21,11673868.0
2024-07-12,RETAILX,Retail,43.43,44.2,42.56,43.32,43.32,11760567.0
2024-07-15,RETAILX,Retail,44.34,44.76,43.9,44.31,44.31,8289318.0
2024-07-16,RETAILX,Retail,44.03,44.49,43.5,43.96,43.96,7555362.0
2024-07-17,RETAILX,Retail,44.59,45.42,43.85,44.68,44.68,8582609.0
2024-07-18,RETAILX,Retail,44.66,45.39,44.05,44.77,44.77,5773881.0
2024-07-19,RETAILX,Retail,44.74,45.34,44.21,44.82,44.82,5133833.0
2024-07-22,RETAILX,Retail,44.85,45.52,44.09,44.76,44.76,9091214.0
2024-07-23,RETAILX,Retail,46.22,46.95,45.44,46.18,46.18,8684266.0
2024-07-24,RETAILX,Retail,47.23,47.78,46.77,47.31,47.31,8079138.0
2024-07-25,RETAILX,Retail,48.09,48.58,47.46,47.95,47.95,6328303.0
2024-07-26,RETAILX,Retail,47.78,48.23,47.36,47.81,47.81,9230204.0
2024-07-29,RETAILX,Retail,47.72,48.69,46.88,47.85,47.85,7473826.0
2024-07-30,RETAILX,Retail,48.36,49.01,47.66,48.31,48.31,8848694.0
2024-07-31,RETAILX,Retail,47.68,48.08,47.48,47.87,47.87,9976629.0
2024-08-01,RETAILX,Retail,48.35,49.46,47.58,48.68,48.68,7977996.0
2024-08-02,RETAILX,Retail,47.9,48.39,47.41,47.9,47.9,9393088.0
2024-08-05,RETAILX,Retail,48.12,48.44,47.92,48.24,48.24,5631691.0
2024-08-06,RETAILX,Retail,46.3,46.86,45.77,46.34,46.34,9239072.0
2024-08-07,RETAILX,Retail,45.72,46.33,45.3,45.9,45.9,9656393.0
2024-08-08,RETAILX,Retail,47.85,48.63,46.85,47.62,47.62,12597260.0
2024-08-09,RETAILX,Retail,48.38,48.8,48.09,48.51,48.51,8167610.0
2024-08-12,RETAILX,Retail,49.76,50.62,49.0,49.85,49.85,9150463.0
2024-08-13,RETAILX,Retail,49.35,49.91,48.71,49.27,49.27,8441717.0
2024-08-14,RETAILX,Retail,49.1,49.56,48.91,49.37,49.37,5077483.0
2024-08-15,RETAILX,Retail,50.22,51.4,49.33,50.51,50.51,7957684.0
2024-08-16,RETAILX,Retail,51.16,51.71,50.54,51.08,51.08,6790636.0
2024-08-19,RETAILX,Retail,51.46,51.93,51.08,51.55,51.55,6804048.0
2024-08-20,RETAILX,Retail,52.87,53.6,52.34,53.07,53.07,11898265.0
2024-08-21,RETAILX,Retail,52.24,53.06,51.28,52.11,52.11,7793543.0
2024-08-22,RETAILX,Retail,51.78,52.34,51.39,51.95,51.95,6004664.0
2024-08-23,RETAILX,Retail,50.32,50.67,50.02,50.37,50.37,10369741.0
2024-08-26,RETAILX,Retail,49.24,49.66,49.0,49.42,49.42,11077521.0
2024-08-27,RETAILX,Retail,50.43,50.81,50.0,50.37,50.37,7637979.0
2024-08-28,RETAILX,Retail,49.84,50.57,48.84,49.57,49.57,6535408.0
2024-08-29,RETAILX,Retail,49.85,50.73,49.35,50.23,50.23,7694736.0
2024-08-30,RETAILX,Retail,51.75,52.08,51.39,51.73,51.73,11604879.0
2024-09-02,RETAILX,Retail,51.75,52.03,51.29,51.57,51.57,7580450.0
2024-09-03,RETAILX,Retail,51.97,52.47,51.55,52.06,52.06,9547848.0
2024-09-04,RETAILX,Retail,52.51,53.65,51.62,52.75,52.75,10760378.0
2024-09-05,RETAILX,Retail,51.72,52.14,51.22,51.64,51.64,10962206.0
2024-09-06,RETAILX,Retail,51.29,52.2,50.18,51.09,51.09,8688728.0
2024-09-09,RETAILX,Retail,50.38,50.89,49.68,50.2,50.2,8875375.0
2024-09-10,RETAILX,Retail,49.81,50.09,49.45,49.73,49.73,5813523.0
2024-09-11,RETAILX,Retail,50.39,51.22,49.55,50.37,50.37,10820970.0
2024-09-12,RETAILX,Retail,49.68,50.35,49.18,49.85,49.85,7570257.0
2024-09-13,RETAILX,Retail,50.0,50.69,49.15,49.83,49.83,5610755.0
2024-09-16,RETAILX,Retail,49.09,49.96,48.06,48.93,48.93,9883252.0
2024-09-17,RETAILX,Retail,49.78,50.2,49.6,50.01,50.01,8112828.0
2024-09-18,RETAILX,Retail,49.61,49.83,49.32,49.54,49.54,8459095.0
2024-09-19,RETAILX,Retail,51.03,51.73,50.19,50.9,50.9,10371367.0
2024-09-20,RETAILX,Retail,51.14,51.51,50.59,50.96,50.96,6938810.0
2024-09-23,RETAILX,Retail,49.7,50.01,49.42,49.72,49.72,11630321.0
2024-09-24,RETAILX,Retail,49.41,49.75,49.23,49.58,49.58,6308168.0
2024-09-25,RETAILX,Retail,48.57,48.83,48.4,48.66,48.66,8745024.0
2024-09-26,RETAILX,Retail,48.98,49.9,48.27,49.18,49.18,8335405.0
2024-09-27,RETAILX,Retail,48.95,49.21,48.71,48.96,48.96,8250266.0
2024-09-30,RETAILX,Retail,49.06,49.6,48.57,49.11,49.11,8616956.0
2024-10-01,RETAILX,Retail,49.22,49.81,48.21,48.8,48.8,7228056.0
2024-10-02,RETAILX,Retail,48.51,48.96,47.88,48.33,48.33,8770947.0
2024-10-03,RETAILX,Retail,47.7,47.86,47.36,47.52,47.52,6997932.0
2024-10-04,RETAILX,Retail,48.32,49.03,47.52,48.23,48.23,10839008.0
2024-10-07,RETAILX,Retail,48.02,48.24,47.87,48.09,48.09,6832207.0
2024-10-08,RETAILX,Retail,47.78,48.52,47.09,47.83,47.83,8660898.0
2024-10-09,RETAILX,Retail,47.64,48.46,46.86,47.67,47.67,5266466.0
2024-10-10,RETAILX,Retail,47.15,47.6,46.67,47.11,47.11,6829278.0
2024-10-11,RETAILX,Retail,46.94,47.45,46.35,46.86,46.86,7547344.0
2024-10-14,RETAILX,Retail,47.04,47.52,46.56,47.04,47.04,9130078.0
2024-10-15,RETAILX,Retail,46.15,46.61,45.74,46.2,46.2,9115442.0
2024-10-16,RETAILX,Retail,45.38,46.23,44.64,45.49,45.49,10936951.0
2024-10-17,RETAILX,Retail,46.35,47.38,45.59,46.61,46.61,9502130.0
2024-10-18,RETAILX,Retail,46.56,46.94,45.95,46.32,46.32,7658484.0
2024-10-21,RETAILX,Retail,46.29,46.85,45.32,45.88,45.88,6218915.0
2024-10-22,RETAILX,Retail,45.03,45.79,44.06,44.82,44.82,11293642.0
2024-10-23,RETAILX,Retail,45.27,46.29,44.48,45.5,45.5,7321249.0
2024-10-24,RETAILX,Retail,44.81,45.29,44.19,44.67,44.67,11170451.0
2024-10-25,RETAILX,Retail,44.85,45.29,44.23,44.66,44.66,8791788.0
2024-10-28,RETAILX,Retail,43.27,43.66,42.96,43.34,43.34,12982850.0
2024-10-29,RETAILX,Retail,44.07,44.83,43.22,43.98,43.98,8676109.0
2024-10-30,RETAILX,Retail,44.83,45.14,44.6,44.91,44.91,10209150.0
2024-10-31,RETAILX,Retail,45.58,46.11,44.77,45.3,45.3,9287429.0
2024-11-01,RETAILX,Retail,44.17,44.49,43.78,44.1,44.1,7725485.0
2024-11-04,RETAILX,Retail,44.6,45.09,44.28,44.77,44.77,9131392.0
2024-11-05,RETAILX,Retail,44.24,44.64,43.72,44.13,44.13,6180545.0
2024-11-06,RETAILX,Retail,43.41,44.19,42.45,43.23,43.23,9215197.0
2024-11-07,RETAILX,Retail,42.98,43.14,42.78,42.95,42.95,6138237.0
2024-11-08,RETAILX,Retail,42.73,43.23,42.15,42.65,42.65,6298902.0
2024-11-11,RETAILX,Retail,42.26,42.46,42.09,42.28,42.28,7324401.0
2024-11-12,RETAILX,Retail,43.05,43.47,42.82,43.24,43.24,9023794.0
2024-11-13,RETAILX,Retail,44.79,45.24,44.36,44.81,44.81,11534597.0
2024-11-14,RETAILX,Retail,43.84,44.31,43.29,43.75,43.75,7153307.0
2024-11-15,RETAILX,Retail,43.21,43.53,42.91,43.23,43.23,8334115.0
2024-11-18,RETAILX,Retail,43.48,43.82,43.01,43.35,43.35,5929729.0
2024-11-19,RETAILX,Retail,42.99,43.24,42.8,43.06,43.06,8095347.0
2024-11-20,RETAILX,Retail,43.31,43.7,42.98,43.37,43.37,8443379.0
2024-11-21,RETAILX,Retail,44.23,45.0,43.31,44.08,44.08,9049272.0
2024-11-22,RETAILX,Retail,44.72,45.48,43.91,44.68,44.68,9653181.0
2024-11-25,RETAILX,Retail,45.09,45.53,44.73,45.17,45.17,7380957.0
2024-11-26,RETAILX,Retail,46.71,47.25,45.98,46.51,46.51,11711973.0
2024-11-27,RETAILX,Retail,45.11,45.99,44.36,45.24,45.24,9621995.0
2024-11-28,RETAILX,Retail,46.31,46.58,46.16,46.44,46.44,9687562.0
2024-11-29,RETAILX,Retail,45.59,46.81,44.9,46.11,46.11,8489682.0
2024-12-02,RETAILX,Retail,46.66,47.57,45.85,46.76,46.76,6051706.0
2024-12-03,RETAILX,Retail,46.17,46.37,45.73,45.93,45.93,9788194.0
2024-12-04,RETAILX,Retail,44.83,45.45,44.59,45.2,45.2,9351886.0
2024-12-05,RETAILX,Retail,45.57,46.54,44.78,45.74,45.74,7339865.0
2024-12-06,RETAILX,Retail,44.3,44.79,43.73,44.22,44.22,8025280.0
2024-12-09,RETAILX,Retail,44.6,45.15,44.46,45.01,45.01,6705070.0
2024-12-10,RETAILX,Retail,45.93,46.34,45.62,46.02,46.02,11762001.0
2024-12-11,RETAILX,Retail,46.39,46.84,45.73,46.18,46.18,8228793.0
2024-12-12,RETAILX,Retail,46.68,47.3,45.68,46.3,46.3,5684300.0
2024-12-13,RETAILX,Retail,45.68,46.32,44.99,45.63,45.63,7850711.0
2024-12-16,RETAILX,Retail,46.01,47.01,45.19,46.19,46.19,8768833.0
2024-12-17,RETAILX,Retail,46.3,46.82,45.96,46.48,46.48,9255825.0
2024-12-18,RETAILX,Retail,45.76,46.27,45.23,45.73,45.73,6358080.0
2024-12-19,RETAILX,Retail,45.48,45.98,44.93,45.43,45.43,6530806.0
2024-12-20,RETAILX,Retail,45.64,46.06,44.9,45.31,45.31,9034178.0
2024-12-23,RETAILX,Retail,45.18,45.43,44.75,45.0,45.0,5473946.0
2024-12-24,RETAILX,Retail,43.95,44.73,43.16,43.94,43.94,7875378.0
2024-12-25,RETAILX,Retail,44.43,45.2,43.73,44.49,44.49,10653604.0
2024-12-26,RETAILX,Retail,44.84,45.31,43.84,44.31,44.31,7988204.0
2024-12-27,RETAILX,Retail,44.44,44.97,43.79,44.33,44.33,6074039.0
2024-12-30,RETAILX,Retail,43.77,44.17,43.49,43.89,43.89,6001069.0
2024-12-31,RETAILX,Retail,44.22,44.76,43.73,44.26,44.26,5692697.0
2022-01-03,TECHCO,Technology,149.93,152.08,147.85,150.0,150.0,5446841.0
2022-01-04,TECHCO,Technology,152.2,154.11,149.71,151.61,151.61,6061468.0
2022-01-05,TECHCO,Technology,151.27,153.97,148.59,151.29,151.29,4106553.0
2022-01-06,TECHCO,Technology,153.54,156.08,150.84,153.38,153.38,4540774.0
2022-01-07,TECHCO,Technology,158.77,160.79,156.26,158.27,158.27,6408436.0
2022-01-10,TECHCO,Technology,158.4,160.53,155.52,157.63,157.63,5570059.0
2022-01-11,TECHCO,Technology,156.92,157.58,156.32,156.99,156.99,6081336.0
2022-01-12,TECHCO,Technology,162.24,164.36,160.06,162.18,162.18,7698285.0
2022-01-13,TECHCO,Technology,164.82,165.43,164.21,164.82,164.82,6758220.0
2022-01-14,TECHCO,Technology,163.02,165.31,161.09,163.37,163.37,5401867.0
2022-01-17,TECHCO,Technology,164.77,168.26,161.81,165.28,165.28,6330181.0
2022-01-18,TECHCO,Technology,162.37,165.71,160.53,163.86,163.86,5945719.0
2022-01-19,TECHCO,Technology,161.73,164.07,160.1,162.43,162.43,4707040.0
2022-01-20,TECHCO,Technology,162.17,164.59,160.93,163.34,163.34,5016628.0
2022-01-21,TECHCO,Technology,158.05,158.81,156.51,157.26,157.26,8392069.0
2022-01-24,TECHCO,Technology,152.1,154.23,149.87,151.99,151.99,4969411.0
2022-01-25,TECHCO,Technology,150.3,151.26,149.42,150.38,150.38,6178479.0
2022-01-26,TECHCO,Technology,147.01,148.13,146.32,147.44,147.44,4708032.0
2022-01-27,TECHCO,Technology,148.49,149.88,147.09,148.47,148.47,5006162.0
2022-01-28,TECHCO,Technology,145.38,148.06,143.21,145.88,145.88,6743495.0
2022-01-31,TECHCO,Technology,141.98,143.99,139.87,141.88,141.88,5447495.0
2022-02-01,TECHCO,Technology,146.37,146.93,145.67,146.23,146.23,5506596.0
2022-02-02,TECHCO,Technology,145.16,147.1,143.74,145.66,145.66,4476796.0
2022-02-03,TECHCO,Technology,145.45,147.54,143.87,145.96,145.96,5724879.0
2022-02-04,TECHCO,Technology,142.47,144.27,140.13,141.92,141.92,4487975.0
2022-02-07,TECHCO,Technology,140.44,142.26,138.65,140.47,140.47,6439908.0
2022-02-08,TECHCO,Technology,140.44,142.07,139.25,140.88,140.88,3713938.0
2022-02-09,TECHCO,Technology,137.53,139.31,135.96,137.74,137.74,7800024.0
2022-02-10,TECHCO,Technology,138.32,140.3,136.9,138.88,138.88,6422173.0
2022-02-11,TECHCO,Technology,137.26,139.53,135.03,137.3,137.3,5250419.0
2022-02-14,TECHCO,Technology,137.04,138.54,135.09,136.59,136.59,4881074.0
2022-02-15,TECHCO,Technology,135.01,136.33,133.72,135.03,135.03,5210388.0
2022-02-16,TECHCO,Technology,141.59,142.87,138.99,140.26,140.26,7574401.0
2022-02-17,TECHCO,Technology,140.55,142.18,138.69,140.32,140.32,3409218.0
2022-02-18,TECHCO,Technology,137.57,139.65,135.38,137.45,137.45,4244120.0
2022-02-21,TECHCO,Technology,139.33,141.39,137.79,139.84,139.84,4146600.0
2022-02-22,TECHCO,Technology,136.4,138.3,134.64,136.53,136.53,5920257.0
2022-02-23,TECHCO,Technology,136.77,139.13,134.85,137.2,137.2,4171013.0
2022-02-24,TECHCO,Technology,130.83,133.4,129.42,131.97,131.97,7684552.0
2022-02-25,TECHCO,Technology,129.07,130.29,127.36,128.57,128.57,8128010.0
2022-02-28,TECHCO,Technology,128.91,131.26,126.82,129.17,129.17,4476266.0
2022-03-01,TECHCO,Technology,130.8,132.41,129.59,131.2,131.2,5777295.0
2022-03-02,TECHCO,Technology,131.85,133.16,130.43,131.74,131.74,4527934.0
2022-03-03,TECHCO,Technology,131.79,134.14,129.17,131.52,131.52,5563496.0
2022-03-04,TECHCO,Technology,130.64,131.2,130.25,130.81,130.81,6029138.0
2022-03-07,TECHCO,Technology,127.05,127.79,126.32,127.06,127.06,7952211.0
2022-03-08,TECHCO,Technology,125.68,126.78,124.21,125.31,125.31,6977076.0
2022-03-09,TECHCO,Technology,124.05,126.34,121.95,124.23,124.23,3636418.0
2022-03-10,TECHCO,Technology,127.15,127.66,126.48,126.99,126.99,7171538.0
2022-03-11,TECHCO,Technology,127.11,128.37,126.71,127.96,127.96,5757672.0
2022-03-14,TECHCO,Technology,122.96,124.05,122.5,123.58,123.58,5762684.0
2022-03-15,TECHCO,Technology,124.77,125.31,123.93,124.47,124.47,6338018.0
2022-03-16,TECHCO,Technology,122.95,124.03,122.51,123.59,123.59,3922235.0
2022-03-17,TECHCO,Technology,122.11,123.36,120.75,122.0,122.0,5950875.0
2022-03-18,TECHCO,Technology,123.52,125.04,122.08,123.59,123.59,4477264.0
2022-03-21,TECHCO,Technology,126.09,127.17,125.2,126.27,126.27,5678424.0
2022-03-22,TECHCO,Technology,128.33,129.91,127.18,128.75,128.75,6550848.0
2022-03-23,TECHCO,Technology,127.14,127.7,126.12,126.68,126.68,5808436.0
2022-03-24,TECHCO,Technology,126.85,127.87,124.96,125.98,125.98,4656273.0
2022-03-25,TECHCO,Technology,127.06,128.43,125.53,126.9,126.9,4465927.0
2022-03-28,TECHCO,Technology,129.68,131.49,127.7,129.51,129.51,7040384.0
2022-03-29,TECHCO,Technology,128.0,128.74,127.61,128.35,128.35,4010520.0
2022-03-30,TECHCO,Technology,127.35,129.24,126.07,127.96,127.96,4502391.0
2022-03-31,TECHCO,Technology,125.2,126.15,124.27,125.22,125.22,7410774.0
2022-04-01,TECHCO,Technology,121.84,124.25,119.92,122.32,122.32,7354264.0
2022-04-04,TECHCO,Technology,123.54,126.13,121.84,124.42,124.42,5296472.0
2022-04-05,TECHCO,Technology,128.37,129.89,126.44,127.96,127.96,7356186.0
2022-04-06,TECHCO,Technology,128.29,129.21,126.94,127.86,127.86,5426037.0
2022-04-07,TECHCO,Technology,130.11,132.73,127.94,130.56,130.56,7259058.0
2022-04-08,TECHCO,Technology,131.73,132.21,131.12,131.6,131.6,5160550.0
2022-04-11,TECHCO,Technology,130.51,131.11,129.38,129.99,129.99,4383540.0
2022-04-12,TECHCO,Technology,131.13,132.3,129.86,131.03,131.03,4288115.0
2022-04-13,TECHCO,Technology,134.6,135.9,133.94,135.24,135.24,5784726.0
2022-04-14,TECHCO,Technology,135.11,137.58,132.77,135.23,135.23,4748666.0
2022-04-15,TECHCO,Technology,140.4,142.5,137.57,139.66,139.66,4770012.0
2022-04-18,TECHCO,Technology,132.7,133.61,131.65,132.57,132.57,8759603.0
2022-04-19,TECHCO,Technology,135.16,136.76,133.28,134.87,134.87,5184355.0
2022-04-20,TECHCO,Technology,135.38,137.78,132.8,135.2,135.2,4083364.0
2022-04-21,TECHCO,Technology,134.02,136.66,131.84,134.48,134.48,5959356.0
2022-04-22,TECHCO,Technology,134.48,136.43,132.87,134.82,134.82,4549803.0
2022-04-25,TECHCO,Technology,129.78,131.93,127.46,129.61,129.61,5450370.0
2022-04-26,TECHCO,Technology,129.54,131.85,126.82,129.12,129.12,5676249.0
2022-04-27,TECHCO,Technology,130.71,132.56,128.3,130.14,130.14,3657666.0
2022-04-28,TECHCO,Technology,133.71,134.7,133.17,134.17,134.17,7399901.0
2022-04-29,TECHCO,Technology,133.09,134.29,131.66,132.86,132.86,6001231.0
2022-05-02,TECHCO,Technology,131.42,133.47,128.76,130.8,130.8,5062286.0
2022-05-03,TECHCO,Technology,129.06,130.41,128.23,129.57,129.57,6131523.0
2022-05-04,TECHCO,Technology,132.86,134.91,130.03,132.07,132.07,5822589.0
2022-05-05,TECHCO,Technology,133.91,134.56,132.4,133.04,133.04,4872279.0
2022-05-06,TECHCO,Technology,133.1,133.59,131.23,131.72,131.72,3759795.0
2022-05-09,TECHCO,Technology,133.3,134.47,132.01,133.17,133.17,4571412.0
2022-05-10,TECHCO,Technology,133.65,134.13,133.05,133.52,133.52,5876280.0
2022-05-11,TECHCO,Technology,136.7,139.07,133.88,136.25,136.25,5460299.0
2022-05-12,TECHCO,Technology,134.85,136.93,132.36,134.42,134.42,5558223.0
2022-05-13,TECHCO,Technology,134.23,136.25,131.62,133.63,133.63,4987245.0
2022-05-16,TECHCO,Technology,133.08,134.74,131.01,132.67,132.67,5251627.0
2022-05-17,TECHCO,Technology,128.84,129.7,128.04,128.9,128.9,4762029.0
2022-05-18,TECHCO,Technology,130.39,131.79,128.36,129.75,129.75,4529645.0
2022-05-19,TECHCO,Technology,129.97,132.09,128.41,130.53,130.53,5545404.0
2022-05-20,TECHCO,Technology,130.63,132.05,129.21,130.63,130.63,3727753.0
2022-05-23,TECHCO,Technology,130.91,131.82,129.2,130.1,130.1,3918497.0
2022-05-24,TECHCO,Technology,125.89,127.88,124.54,126.52,126.52,4515826.0
2022-05-25,TECHCO,Technology,125.2,126.84,123.9,125.54,125.54,4832081.0
2022-05-26,TECHCO,Technology,125.09,127.34,122.52,124.76,124.76,6042210.0
2022-05-27,TECHCO,Technology,123.03,125.06,120.82,122.84,122.84,4054061.0
2022-05-30,TECHCO,Technology,122.09,123.74,120.88,122.52,122.52,3801484.0
2022-05-31,TECHCO,Technology,123.4,125.13,121.88,123.61,123.61,4504204.0
2022-06-01,TECHCO,Technology,127.88,130.31,126.06,128.48,128.48,8029564.0
2022-06-02,TECHCO,Technology,129.53,129.98,128.57,129.02,129.02,5176608.0
2022-06-03,TECHCO,Technology,129.65,131.91,127.52,129.78,129.78,4639510.0
2022-06-06,TECHCO,Technology,130.6,132.68,127.61,129.67,129.67,5255092.0
2022-06-07,TECHCO,Technology,124.88,126.11,123.61,124.84,124.84,7569717.0
2022-06-08,TECHCO,Technology,124.74,125.96,123.64,124.85,124.85,5570843.0
2022-06-09,TECHCO,Technology,124.93,125.98,124.04,125.09,125.09,5500312.0
2022-06-10,TECHCO,Technology,131.42,132.88,130.08,131.55,131.55,6642433.0
2022-06-13,TECHCO,Technology,131.18,131.66,130.64,131.12,131.12,4062887.0
2022-06-14,TECHCO,Technology,133.34,135.44,129.93,132.01,132.01,3833673.0
2022-06-15,TECHCO,Technology,131.83,132.47,131.36,132.01,132.01,4054510.0
2022-06-16,TECHCO,Technology,128.86,130.04,127.84,129.02,129.02,7866165.0
2022-06-17,TECHCO,Technology,132.15,134.39,129.87,132.12,132.12,5727453.0
2022-06-20,TECHCO,Technology,134.81,136.7,132.34,134.22,134.22,4619392.0
2022-06-21,TECHCO,Technology,135.7,137.46,134.72,136.47,136.47,6484781.0
2022-06-22,TECHCO,Technology,134.33,135.24,133.17,134.08,134.08,5837831.0
2022-06-23,TECHCO,Technology,137.57,138.45,137.15,138.02,138.02,5066072.0
2022-06-24,TECHCO,Technology,134.56,136.37,132.46,134.27,134.27,5920478.0
2022-06-27,TECHCO,Technology,135.69,136.46,135.18,135.95,135.95,5055651.0
2022-06-28,TECHCO,Technology,140.88,143.75,139.33,142.19,142.19,8579813.0
2022-06-29,TECHCO,Technology,139.68,142.11,137.04,139.47,139.47,4135530.0
2022-06-30,TECHCO,Technology,138.18,138.82,137.34,137.98,137.98,4496641.0
2022-07-01,TECHCO,Technology,138.03,140.62,135.76,138.35,138.35,4721696.0
2022-07-04,TECHCO,Technology,136.69,139.49,134.25,137.04,137.04,4421856.0
2022-07-05,TECHCO,Technology,132.22,133.44,131.7,132.92,132.92,7092527.0
2022-07-06,TECHCO,Technology,133.6,135.77,131.03,133.19,133.19,4579864.0
2022-07-07,TECHCO,Technology,130.91,132.32,129.05,130.45,130.45,5414578.0
2022-07-08,TECHCO,Technology,131.33,133.98,129.15,131.79,131.79,6572361.0
2022-07-11,TECHCO,Technology,129.18,130.96,127.69,129.46,129.46,6159154.0
2022-07-12,TECHCO,Technology,133.62,135.39,131.9,133.66,133.66,5141227.0
2022-07-13,TECHCO,Technology,132.85,134.33,130.18,131.65,131.65,5717580.0
2022-07-14,TECHCO,Technology,131.17,133.27,128.8,130.89,130.89,5708502.0
2022-07-15,TECHCO,Technology,132.64,135.01,130.78,133.14,133.14,6337073.0
2022-07-18,TECHCO,Technology,130.12,131.53,128.56,129.97,129.97,4930890.0
2022-07-19,TECHCO,Technology,129.93,132.74,127.85,130.65,130.65,6218685.0
2022-07-20,TECHCO,Technology,134.61,135.51,133.33,134.23,134.23,6095227.0
2022-07-21,TECHCO,Technology,130.91,131.61,129.34,130.04,130.04,5301201.0
2022-07-22,TECHCO,Technology,131.49,132.2,129.9,130.61,130.61,3868773.0
2022-07-25,TECHCO,Technology,131.77,132.82,130.33,131.38,131.38,3710519.0
2022-07-26,TECHCO,Technology,133.25,134.44,132.37,133.56,133.56,6608176.0
2022-07-27,TECHCO,Technology,129.68,132.57,127.48,130.36,130.36,4753063.0
2022-07-28,TECHCO,Technology,126.31,127.6,125.73,127.02,127.02,4854625.0
2022-07-29,TECHCO,Technology,127.01,130.18,125.29,128.45,128.45,6344299.0
2022-08-01,TECHCO,Technology,129.66,130.42,128.55,129.31,129.31,4478639.0
2022-08-02,TECHCO,Technology,129.99,132.16,127.88,130.05,130.05,3503761.0
2022-08-03,TECHCO,Technology,131.52,133.81,128.76,131.05,131.05,3659971.0
2022-08-04,TECHCO,Technology,130.09,131.39,128.06,129.35,129.35,4222103.0
2022-08-05,TECHCO,Technology,130.09,132.2,127.94,130.04,130.04,4017429.0
2022-08-08,TECHCO,Technology,130.98,131.38,130.5,130.9,130.9,5422762.0
2022-08-09,TECHCO,Technology,128.88,131.09,126.9,129.12,129.12,4308531.0
2022-08-10,TECHCO,Technology,133.97,135.02,133.11,134.15,134.15,5416833.0
2022-08-11,TECHCO,Technology,135.93,138.19,133.28,135.53,135.53,5999672.0
2022-08-12,TECHCO,Technology,132.31,132.8,131.91,132.41,132.41,6708002.0
2022-08-15,TECHCO,Technology,134.09,135.78,132.57,134.26,134.26,5212133.0
2022-08-16,TECHCO,Technology,131.73,133.63,129.84,131.74,131.74,5954191.0
2022-08-17,TECHCO,Technology,134.41,135.33,133.01,133.93,133.93,4965763.0
2022-08-18,TECHCO,Technology,136.81,138.0,136.0,137.19,137.19,6027708.0
2022-08-19,TECHCO,Technology,134.99,135.6,134.42,135.03,135.03,5592541.0
2022-08-22,TECHCO,Technology,137.9,138.99,136.68,137.77,137.77,5437690.0
2022-08-23,TECHCO,Technology,139.66,141.25,137.43,139.01,139.01,6338156.0
2022-08-24,TECHCO,Technology,141.29,142.1,140.63,141.43,141.43,4005114.0
2022-08-25,TECHCO,Technology,146.62,148.31,145.35,147.04,147.04,8259141.0
2022-08-26,TECHCO,Technology,146.13,146.87,145.67,146.41,146.41,3703433.0
2022-08-29,TECHCO,Technology,144.91,147.12,142.1,144.3,144.3,6455879.0
2022-08-30,TECHCO,Technology,142.99,143.69,141.13,141.83,141.83,6059301.0
2022-08-31,TECHCO,Technology,138.88,140.63,137.87,139.61,139.61,6709417.0
2022-09-01,TECHCO,Technology,138.88,139.95,138.42,139.49,139.49,3452530.0
2022-09-02,TECHCO,Technology,140.45,141.88,139.12,140.55,140.55,5175618.0
2022-09-05,TECHCO,Technology,141.49,143.7,139.22,141.43,141.43,4914972.0
2022-09-06,TECHCO,Technology,144.35,145.64,142.62,143.9,143.9,6349815.0
2022-09-07,TECHCO,Technology,143.52,144.86,142.71,144.04,144.04,4648597.0
2022-09-08,TECHCO,Technology,147.79,150.54,145.67,148.42,148.42,6640025.0
2022-09-09,TECHCO,Technology,147.81,150.0,145.54,147.73,147.73,4604129.0
2022-09-12,TECHCO,Technology,156.0,157.03,155.12,156.16,156.16,7197612.0
2022-09-13,TECHCO,Technology,158.83,161.15,155.94,158.25,158.25,5323909.0
2022-09-14,TECHCO,Technology,155.94,158.63,152.96,155.64,155.64,4334015.0
2022-09-15,TECHCO,Technology,152.76,153.6,151.58,152.42,152.42,7554709.0
2022-09-16,TECHCO,Technology,153.95,156.25,151.7,154.01,154.01,5856503.0
2022-09-19,TECHCO,Technology,154.87,156.98,151.33,153.42,153.42,6040810.0
2022-09-20,TECHCO,Technology,155.23,157.32,153.66,155.75,155.75,4597754.0
2022-09-21,TECHCO,Technology,157.73,158.34,156.74,157.35,157.35,6354752.0
2022-09-22,TECHCO,Technology,156.42,157.87,155.78,157.22,157.22,5388169.0
2022-09-23,TECHCO,Technology,154.0,157.11,151.57,154.66,154.66,6202184.0
2022-09-26,TECHCO,Technology,149.75,152.79,147.08,150.11,150.11,7025171.0
2022-09-27,TECHCO,Technology,149.84,151.81,146.91,148.87,148.87,4499328.0
2022-09-28,TECHCO,Technology,151.72,153.19,150.09,151.56,151.56,6769892.0
2022-09-29,TECHCO,Technology,151.96,154.26,150.03,152.32,152.32,4831607.0
2022-09-30,TECHCO,Technology,148.86,150.64,146.87,148.64,148.64,4573531.0
2022-10-03,TECHCO,Technology,149.28,150.59,147.95,149.26,149.26,4236101.0
2022-10-04,TECHCO,Technology,150.23,151.13,149.63,150.53,150.53,6379334.0
2022-10-05,TECHCO,Technology,147.14,150.23,144.89,147.97,147.97,6847859.0
2022-10-06,TECHCO,Technology,149.38,150.66,147.25,148.53,148.53,6117731.0
2022-10-07,TECHCO,Technology,148.92,151.2,146.53,148.8,148.8,4970709.0
2022-10-10,TECHCO,Technology,146.77,147.77,144.52,145.51,145.51,5104996.0
2022-10-11,TECHCO,Technology,147.21,147.65,146.22,146.66,146.66,4005311.0
2022-10-12,TECHCO,Technology,148.75,149.55,147.63,148.43,148.43,4299636.0
2022-10-13,TECHCO,Technology,151.54,153.33,150.02,151.8,151.8,4265154.0
2022-10-14,TECHCO,Technology,154.49,157.83,151.84,155.17,155.17,5562128.0
2022-10-17,TECHCO,Technology,150.89,151.7,150.2,151.02,151.02,5168819.0
2022-10-18,TECHCO,Technology,147.62,150.63,145.29,148.29,148.29,5428251.0
2022-10-19,TECHCO,Technology,150.33,151.97,148.3,149.94,149.94,6598441.0
2022-10-20,TECHCO,Technology,152.59,154.94,149.27,151.6,151.6,5013033.0
2022-10-21,TECHCO,Technology,153.12,154.43,151.98,153.28,153.28,6419472.0
2022-10-24,TECHCO,Technology,166.4,169.0,163.19,165.77,165.77,10174677.0
2022-10-25,TECHCO,Technology,167.34,170.25,164.9,167.81,167.81,4502419.0
2022-10-26,TECHCO,Technology,171.6,172.91,170.49,171.81,171.81,5536913.0
2022-10-27,TECHCO,Technology,174.69,176.13,173.82,175.26,175.26,4366903.0
2022-10-28,TECHCO,Technology,176.18,180.54,173.36,177.7,177.7,4874498.0
2022-10-31,TECHCO,Technology,176.66,179.77,173.58,176.69,176.69,5395746.0
2022-11-01,TECHCO,Technology,179.62,180.25,178.91,179.53,179.53,4132270.0
2022-11-02,TECHCO,Technology,177.63,180.11,174.4,176.88,176.88,4531305.0
2022-11-03,TECHCO,Technology,176.71,179.65,173.22,176.15,176.15,4429958.0
2022-11-04,TECHCO,Technology,175.12,177.89,171.78,174.55,174.55,6586744.0
2022-11-07,TECHCO,Technology,174.28,178.01,171.23,174.96,174.96,5442751.0
2022-11-08,TECHCO,Technology,183.77,186.42,180.8,183.44,183.44,8672607.0
2022-11-09,TECHCO,Technology,177.9,179.61,175.08,176.78,176.78,5411009.0
2022-11-10,TECHCO,Technology,179.63,181.01,177.99,179.36,179.36,6383276.0
2022-11-11,TECHCO,Technology,175.01,176.38,172.38,173.74,173.74,7814030.0
2022-11-14,TECHCO,Technology,173.6,176.01,169.82,172.21,172.21,5399452.0
2022-11-15,TECHCO,Technology,175.96,178.65,173.47,176.15,176.15,7764334.0
2022-11-16,TECHCO,Technology,176.01,177.56,174.95,176.5,176.5,4139572.0
2022-11-17,TECHCO,Technology,172.29,175.59,169.53,172.82,172.82,7494878.0
2022-11-18,TECHCO,Technology,169.43,172.8,167.1,170.46,170.46,6774912.0
2022-11-21,TECHCO,Technology,172.57,174.91,170.6,172.93,172.93,3854959.0
2022-11-22,TECHCO,Technology,171.34,173.06,168.8,170.52,170.52,5282725.0
2022-11-23,TECHCO,Technology,169.86,173.29,167.97,171.38,171.38,6213180.0
2022-11-24,TECHCO,Technology,170.94,172.57,170.01,171.65,171.65,3503904.0
2022-11-25,TECHCO,Technology,169.44,170.55,168.41,169.52,169.52,5490325.0
2022-11-28,TECHCO,Technology,176.51,177.9,175.73,177.13,177.13,9507768.0
2022-11-29,TECHCO,Technology,179.15,180.48,178.2,179.53,179.53,5571778.0
2022-11-30,TECHCO,Technology,172.11,174.15,170.42,172.46,172.46,5902946.0
2022-12-01,TECHCO,Technology,173.05,175.12,171.15,173.23,173.23,5026039.0
2022-12-02,TECHCO,Technology,170.54,171.6,169.99,171.04,171.04,4402333.0
2022-12-05,TECHCO,Technology,173.56,176.73,170.97,174.13,174.13,5751633.0
2022-12-06,TECHCO,Technology,172.12,173.4,170.21,171.48,171.48,4117705.0
2022-12-07,TECHCO,Technology,171.92,174.78,168.34,171.2,171.2,4894236.0
2022-12-08,TECHCO,Technology,172.11,176.1,169.1,173.07,173.07,5271798.0
2022-12-09,TECHCO,Technology,174.29,177.25,173.28,176.23,176.23,6523870.0
2022-12-12,TECHCO,Technology,172.87,174.58,170.42,172.13,172.13,6574185.0
2022-12-13,TECHCO,Technology,170.25,171.61,169.74,171.09,171.09,5048496.0
2022-12-14,TECHCO,Technology,169.72,171.75,167.54,169.57,169.57,5674903.0
2022-12-15,TECHCO,Technology,166.42,169.5,164.4,167.47,167.47,4198937.0
2022-12-16,TECHCO,Technology,174.55,175.72,172.49,173.65,173.65,7285790.0
2022-12-19,TECHCO,Technology,176.98,178.99,173.2,175.19,175.19,4084379.0
2022-12-20,TECHCO,Technology,171.04,172.13,169.82,170.91,170.91,7758378.0
2022-12-21,TECHCO,Technology,174.15,175.16,173.21,174.22,174.22,4276809.0
2022-12-22,TECHCO,Technology,181.72,184.28,179.4,181.95,181.95,7049722.0
2022-12-23,TECHCO,Technology,186.49,187.96,184.44,185.91,185.91,6620167.0
2022-12-26,TECHCO,Technology,180.83,182.97,178.28,180.42,180.42,6376514.0
2022-12-27,TECHCO,Technology,179.5,181.21,177.09,178.79,178.79,3857480.0
2022-12-28,TECHCO,Technology,183.07,186.79,179.82,183.53,183.53,6434839.0
2022-12-29,TECHCO,Technology,181.3,182.25,180.11,181.06,181.06,5874574.0
2022-12-30,TECHCO,Technology,182.41,184.63,180.59,182.81,182.81,5765108.0
2023-01-02,TECHCO,Technology,185.02,188.26,182.58,185.81,185.81,5156175.0
2023-01-03,TECHCO,Technology,182.46,184.12,180.83,182.49,182.49,5935389.0
2023-01-04,TECHCO,Technology,181.72,185.61,178.52,182.39,182.39,4393874.0
2023-01-05,TECHCO,Technology,171.77,174.15,168.61,170.97,170.97,9921976.0
2023-01-06,TECHCO,Technology,167.01,169.74,164.86,167.59,167.59,6145318.0
2023-01-09,TECHCO,Technology,167.09,169.49,164.45,166.85,166.85,4864737.0
2023-01-10,TECHCO,Technology,162.42,165.63,159.61,162.81,162.81,5236106.0
2023-01-11,TECHCO,Technology,168.56,171.36,165.58,168.37,168.37,4710020.0
2023-01-12,TECHCO,Technology,163.36,165.97,161.09,163.7,163.7,5161743.0
2023-01-13,TECHCO,Technology,161.54,164.67,159.24,162.36,162.36,3887370.0
2023-01-16,TECHCO,Technology,163.21,164.06,162.05,162.9,162.9,4570445.0
2023-01-17,TECHCO,Technology,167.66,168.58,166.89,167.81,167.81,6900925.0
2023-01-18,TECHCO,Technology,163.32,165.21,161.25,163.14,163.14,5318518.0
2023-01-19,TECHCO,Technology,166.83,167.66,166.28,167.12,167.12,7704076.0
2023-01-20,TECHCO,Technology,182.1,184.95,180.24,183.08,183.08,7297878.0
2023-01-23,TECHCO,Technology,180.39,181.5,178.51,179.61,179.61,6738934.0
2023-01-24,TECHCO,Technology,181.95,183.44,179.93,181.41,181.41,5549327.0
2023-01-25,TECHCO,Technology,181.85,184.93,179.19,182.26,182.26,4442210.0
2023-01-26,TECHCO,Technology,180.24,183.33,177.11,180.19,180.19,3846213.0
2023-01-27,TECHCO,Technology,181.32,182.06,179.83,180.57,180.57,4986223.0
2023-01-30,TECHCO,Technology,178.96,181.27,176.99,179.29,179.29,4630809.0
2023-01-31,TECHCO,Technology,179.6,182.74,176.69,179.82,179.82,5919104.0
2023-02-01,TECHCO,Technology,182.54,183.31,181.59,182.36,182.36,5566833.0
2023-02-02,TECHCO,Technology,188.07,191.31,185.17,188.41,188.41,8411810.0
2023-02-03,TECHCO,Technology,184.52,186.07,182.35,183.89,183.89,5117187.0
2023-02-06,TECHCO,Technology,191.97,193.6,190.47,192.1,192.1,8369532.0
2023-02-07,TECHCO,Technology,184.23,188.07,180.98,184.81,184.81,7652512.0
2023-02-08,TECHCO,Technology,184.82,185.93,183.26,184.37,184.37,5321772.0
2023-02-09,TECHCO,Technology,185.84,189.2,183.35,186.69,186.69,4418412.0
2023-02-10,TECHCO,Technology,189.39,192.3,185.0,187.88,187.88,5404395.0
2023-02-13,TECHCO,Technology,186.84,187.51,184.99,185.66,185.66,5291335.0
2023-02-14,TECHCO,Technology,185.39,187.81,182.59,185.01,185.01,5419243.0
2023-02-15,TECHCO,Technology,183.62,186.79,180.13,183.3,183.3,4588254.0
2023-02-16,TECHCO,Technology,181.53,182.42,180.38,181.26,181.26,6480852.0
2023-02-17,TECHCO,Technology,184.15,187.55,181.12,184.51,184.51,4263787.0
2023-02-20,TECHCO,Technology,186.19,188.41,183.75,185.97,185.97,5945377.0
2023-02-21,TECHCO,Technology,182.83,185.76,180.6,183.51,183.51,6563543.0
2023-02-22,TECHCO,Technology,187.37,189.66,184.72,187.0,187.0,6841343.0
2023-02-23,TECHCO,Technology,188.94,190.35,186.88,188.28,188.28,4990891.0
2023-02-24,TECHCO,Technology,191.23,194.78,187.98,191.52,191.52,5423414.0
2023-02-27,TECHCO,Technology,193.64,197.44,190.3,194.1,194.1,6990347.0
2023-02-28,TECHCO,Technology,190.08,193.37,187.73,191.01,191.01,4674702.0
2023-03-01,TECHCO,Technology,190.09,192.9,186.2,188.99,188.99,5358267.0
2023-03-02,TECHCO,Technology,191.59,194.33,189.26,191.99,191.99,6111731.0
2023-03-03,TECHCO,Technology,194.34,196.49,192.35,194.5,194.5,6006736.0
2023-03-06,TECHCO,Technology,194.78,197.29,192.03,194.54,194.54,3708153.0
2023-03-07,TECHCO,Technology,195.36,197.56,192.93,195.14,195.14,5130229.0
2023-03-08,TECHCO,Technology,200.96,203.36,197.96,200.36,200.36,7443136.0
2023-03-09,TECHCO,Technology,197.82,201.04,194.9,198.12,198.12,3836056.0
2023-03-10,TECHCO,Technology,199.54,202.5,197.5,200.45,200.45,6578433.0
2023-03-13,TECHCO,Technology,198.72,200.49,198.0,199.77,199.77,3388998.0
2023-03-14,TECHCO,Technology,198.57,200.11,197.48,199.03,199.03,4333234.0
2023-03-15,TECHCO,Technology,202.85,205.57,200.9,203.62,203.62,4265653.0
2023-03-16,TECHCO,Technology,206.92,210.05,204.05,207.18,207.18,4215306.0
2023-03-17,TECHCO,Technology,211.84,214.37,208.23,210.74,210.74,7022011.0
2023-03-20,TECHCO,Technology,216.18,219.27,213.42,216.51,216.51,5738734.0
2023-03-21,TECHCO,Technology,216.42,218.95,214.21,216.74,216.74,4359657.0
2023-03-22,TECHCO,Technology,219.88,222.58,217.19,219.89,219.89,4524626.0
2023-03-23,TECHCO,Technology,218.31,220.4,216.58,218.67,218.67,5153150.0
2023-03-24,TECHCO,Technology,220.19,222.46,217.97,220.25,220.25,5258854.0
2023-03-27,TECHCO,Technology,220.29,223.41,216.7,219.82,219.82,4269325.0
2023-03-28,TECHCO,Technology,221.18,224.73,216.85,220.4,220.4,4201056.0
2023-03-29,TECHCO,Technology,224.1,226.23,221.08,223.21,223.21,6573751.0
2023-03-30,TECHCO,Technology,221.51,222.32,218.9,219.7,219.7,5177000.0
2023-03-31,TECHCO,Technology,229.84,231.09,228.08,229.32,229.32,7289800.0
2023-04-03,TECHCO,Technology,226.88,227.63,224.12,224.87,224.87,5068942.0
2023-04-04,TECHCO,Technology,218.89,222.39,216.09,219.58,219.58,7167681.0
2023-04-05,TECHCO,Technology,226.79,228.61,223.12,224.91,224.91,5716238.0
2023-04-06,TECHCO,Technology,228.34,231.23,225.79,228.68,228.68,5649055.0
2023-04-07,TECHCO,Technology,231.47,234.14,229.07,231.74,231.74,4583068.0
2023-04-10,TECHCO,Technology,234.73,235.84,233.74,234.85,234.85,6960320.0
2023-04-11,TECHCO,Technology,234.74,237.07,232.62,234.95,234.95,3955072.0
2023-04-12,TECHCO,Technology,230.97,232.43,229.43,230.89,230.89,6598033.0
2023-04-13,TECHCO,Technology,230.86,233.54,228.72,231.4,231.4,4438200.0
2023-04-14,TECHCO,Technology,229.17,230.56,227.03,228.41,228.41,4425463.0
2023-04-17,TECHCO,Technology,232.59,236.74,228.96,233.1,233.1,6899560.0
2023-04-18,TECHCO,Technology,233.18,234.49,231.26,232.57,232.57,4182978.0
2023-04-19,TECHCO,Technology,230.28,234.29,224.9,228.88,228.88,6798870.0
2023-04-20,TECHCO,Technology,227.23,229.66,225.13,227.56,227.56,6101689.0
2023-04-21,TECHCO,Technology,230.34,233.96,226.01,229.61,229.61,6195487.0
2023-04-24,TECHCO,Technology,227.68,230.51,224.35,227.17,227.17,3761157.0
2023-04-25,TECHCO,Technology,225.6,228.77,220.45,223.59,223.59,6533172.0
2023-04-26,TECHCO,Technology,224.38,228.1,221.13,224.84,224.84,4608285.0
2023-04-27,TECHCO,Technology,226.82,229.22,223.71,226.1,226.1,5960709.0
2023-04-28,TECHCO,Technology,222.5,226.45,220.02,223.95,223.95,5563978.0
2023-05-01,TECHCO,Technology,221.55,224.36,219.17,221.99,221.99,6108250.0
2023-05-02,TECHCO,Technology,223.49,226.13,220.54,223.18,223.18,4849828.0
2023-05-03,TECHCO,Technology,218.11,218.86,216.16,216.9,216.9,6576938.0
2023-05-04,TECHCO,Technology,209.94,212.86,208.07,210.98,210.98,5022507.0
2023-05-05,TECHCO,Technology,208.74,211.26,205.57,208.08,208.08,6354405.0
2023-05-08,TECHCO,Technology,207.27,209.81,204.79,207.33,207.33,4508223.0
2023-05-09,TECHCO,Technology,207.5,211.88,204.41,208.77,208.77,4958176.0
2023-05-10,TECHCO,Technology,215.37,218.13,212.46,215.22,215.22,7624024.0
2023-05-11,TECHCO,Technology,220.61,224.56,215.2,219.12,219.12,6028942.0
2023-05-12,TECHCO,Technology,217.58,220.14,216.0,218.56,218.56,3827920.0
2023-05-15,TECHCO,Technology,218.52,220.45,216.69,218.62,218.62,4755667.0
2023-05-16,TECHCO,Technology,213.54,216.27,211.67,214.39,214.39,5499016.0
2023-05-17,TECHCO,Technology,214.05,216.6,211.91,214.45,214.45,4429601.0
2023-05-18,TECHCO,Technology,214.57,217.91,210.04,213.35,213.35,3470186.0
2023-05-19,TECHCO,Technology,214.65,216.29,213.25,214.89,214.89,4108502.0
2023-05-22,TECHCO,Technology,212.66,215.78,208.38,211.48,211.48,4846288.0
2023-05-23,TECHCO,Technology,214.79,216.74,211.9,213.85,213.85,5907866.0
2023-05-24,TECHCO,Technology,220.38,223.36,217.73,220.7,220.7,4655566.0
2023-05-25,TECHCO,Technology,219.92,223.12,217.18,220.37,220.37,4343299.0
2023-05-26,TECHCO,Technology,221.51,224.22,219.61,222.31,222.31,6372824.0
2023-05-29,TECHCO,Technology,224.73,227.98,222.33,225.57,225.57,4194304.0
2023-05-30,TECHCO,Technology,224.22,226.28,221.85,223.91,223.91,5043026.0
2023-05-31,TECHCO,Technology,225.05,225.98,224.14,225.07,225.07,5672917.0
2023-06-01,TECHCO,Technology,224.72,227.43,222.57,225.28,225.28,5763588.0
2023-06-02,TECHCO,Technology,224.47,226.88,223.47,225.87,225.87,5361113.0
2023-06-05,TECHCO,Technology,222.63,224.65,220.51,222.53,222.53,6232942.0
2023-06-06,TECHCO,Technology,222.37,225.44,219.73,222.79,222.79,5465827.0
2023-06-07,TECHCO,Technology,225.01,227.82,222.38,225.19,225.19,5041659.0
2023-06-08,TECHCO,Technology,232.31,235.32,229.03,232.03,232.03,7667300.0
2023-06-09,TECHCO,Technology,234.35,237.77,233.31,236.72,236.72,4106620.0
2023-06-12,TECHCO,Technology,245.87,250.55,242.72,247.38,247.38,9281792.0
2023-06-13,TECHCO,Technology,245.99,247.88,241.88,243.75,243.75,5309701.0
2023-06-14,TECHCO,Technology,247.74,250.47,245.51,248.24,248.24,5893869.0
2023-06-15,TECHCO,Technology,246.82,253.28,242.9,249.33,249.33,4081815.0
2023-06-16,TECHCO,Technology,259.24,261.57,258.43,260.75,260.75,8528364.0
2023-06-19,TECHCO,Technology,259.26,262.33,253.67,256.71,256.71,4142549.0
2023-06-20,TECHCO,Technology,251.86,255.6,248.84,252.57,252.57,6847799.0
2023-06-21,TECHCO,Technology,250.86,253.11,247.47,249.7,249.7,6302162.0
2023-06-22,TECHCO,Technology,239.52,241.09,237.83,239.4,239.4,6133113.0
2023-06-23,TECHCO,Technology,236.58,238.58,235.03,237.03,237.03,6122934.0
2023-06-26,TECHCO,Technology,234.32,238.13,229.79,233.59,233.59,6427817.0
2023-06-27,TECHCO,Technology,232.22,236.72,229.99,234.46,234.46,5117179.0
2023-06-28,TECHCO,Technology,234.88,238.12,233.0,236.24,236.24,4620131.0
2023-06-29,TECHCO,Technology,245.02,247.9,242.64,245.51,245.51,6071667.0
2023-06-30,TECHCO,Technology,249.08,253.69,245.83,250.42,250.42,4879229.0
2023-07-03,TECHCO,Technology,247.12,248.98,245.84,247.69,247.69,4664935.0
2023-07-04,TECHCO,Technology,244.24,246.62,241.04,243.41,243.41,7052342.0
2023-07-05,TECHCO,Technology,246.13,249.04,243.09,246.0,246.0,3883477.0
2023-07-06,TECHCO,Technology,240.98,245.13,235.57,239.7,239.7,7498969.0
2023-07-07,TECHCO,Technology,249.08,250.77,247.19,248.88,248.88,6345234.0
2023-07-10,TECHCO,Technology,256.05,258.2,252.9,255.04,255.04,6198607.0
2023-07-11,TECHCO,Technology,252.75,255.01,250.55,252.81,252.81,5985674.0
2023-07-12,TECHCO,Technology,243.82,247.35,240.87,244.39,244.39,8384241.0
2023-07-13,TECHCO,Technology,252.81,254.92,249.22,251.32,251.32,5758713.0
2023-07-14,TECHCO,Technology,250.2,253.67,247.45,250.91,250.91,4497278.0
2023-07-17,TECHCO,Technology,257.78,261.57,253.63,257.42,257.42,5878807.0
2023-07-18,TECHCO,Technology,250.22,253.61,246.06,249.45,249.45,4705320.0
2023-07-19,TECHCO,Technology,247.45,249.85,244.23,246.62,246.62,4620832.0
2023-07-20,TECHCO,Technology,245.66,250.75,241.74,246.81,246.81,4433080.0
2023-07-21,TECHCO,Technology,248.25,251.07,244.4,247.21,247.21,4355544.0
2023-07-24,TECHCO,Technology,244.18,247.86,241.47,245.14,245.14,5734555.0
2023-07-25,TECHCO,Technology,249.21,250.08,247.53,248.4,248.4,5005722.0
2023-07-26,TECHCO,Technology,243.8,248.14,238.95,243.28,243.28,5874187.0
2023-07-27,TECHCO,Technology,243.54,244.72,241.57,242.74,242.74,4444546.0
2023-07-28,TECHCO,Technology,242.32,245.07,240.75,243.5,243.5,5378939.0
2023-07-31,TECHCO,Technology,246.78,247.71,245.27,246.2,246.2,6371343.0
2023-08-01,TECHCO,Technology,251.01,254.17,246.77,249.92,249.92,5601436.0
2023-08-02,TECHCO,Technology,244.67,246.23,242.93,244.48,244.48,7031392.0
2023-08-03,TECHCO,Technology,236.42,238.55,235.07,237.2,237.2,5761825.0
2023-08-04,TECHCO,Technology,244.45,245.5,242.5,243.55,243.55,6404507.0
2023-08-07,TECHCO,Technology,245.46,246.58,244.23,245.35,245.35,4523721.0
2023-08-08,TECHCO,Technology,240.22,244.69,237.39,241.84,241.84,5189053.0
2023-08-09,TECHCO,Technology,248.79,253.01,245.48,249.69,249.69,7531938.0
2023-08-10,TECHCO,Technology,249.91,252.68,247.67,250.44,250.44,5768999.0
2023-08-11,TECHCO,Technology,258.18,260.81,254.02,256.63,256.63,4729446.0
2023-08-14,TECHCO,Technology,258.52,261.96,253.74,257.16,257.16,5002756.0
2023-08-15,TECHCO,Technology,269.67,270.55,267.37,268.24,268.24,7635815.0
2023-08-16,TECHCO,Technology,278.35,280.53,275.91,278.09,278.09,5303459.0
2023-08-17,TECHCO,Technology,277.9,282.79,272.01,276.88,276.88,3958498.0
2023-08-18,TECHCO,Technology,281.26,285.86,277.97,282.55,282.55,5180587.0
2023-08-21,TECHCO,Technology,286.45,288.4,284.49,286.44,286.44,4326925.0
2023-08-22,TECHCO,Technology,295.18,298.38,291.46,294.65,294.65,5390193.0
2023-08-23,TECHCO,Technology,287.93,291.52,285.58,289.17,289.17,4965077.0
2023-08-24,TECHCO,Technology,293.64,296.86,290.17,293.39,293.39,4923524.0
2023-08-25,TECHCO,Technology,301.94,303.42,298.46,299.92,299.92,6850329.0
2023-08-28,TECHCO,Technology,290.32,291.76,288.22,289.67,289.67,7173825.0
2023-08-29,TECHCO,Technology,284.07,285.53,281.57,283.03,283.03,7844058.0
2023-08-30,TECHCO,Technology,269.15,276.46,264.55,271.81,271.81,6900629.0
2023-08-31,TECHCO,Technology,272.21,276.02,266.74,270.52,270.52,
2023-09-01,TECHCO,Technology,274.44,276.14,272.95,274.65,274.65,6730987.0
2023-09-04,TECHCO,Technology,282.41,284.93,280.77,283.28,283.28,7248885.0
2023-09-05,TECHCO,Technology,283.7,287.86,279.74,283.9,283.9,4392488.0
2023-09-06,TECHCO,Technology,291.82,295.14,290.26,293.57,293.57,7733268.0
2023-09-07,TECHCO,Technology,286.9,288.77,283.84,285.7,285.7,5218193.0
2023-09-08,TECHCO,Technology,275.87,281.07,271.06,276.25,276.25,6095774.0
2023-09-11,TECHCO,Technology,275.31,278.01,273.42,276.12,276.12,4649118.0
2023-09-12,TECHCO,Technology,278.27,282.05,274.67,278.45,278.45,5285334.0
2023-09-13,TECHCO,Technology,279.7,284.65,273.53,278.46,278.46,3204677.0
2023-09-14,TECHCO,Technology,267.41,269.71,264.97,267.27,267.27,9265564.0
2023-09-15,TECHCO,Technology,265.46,267.84,264.6,266.97,266.97,5107001.0
2023-09-18,TECHCO,Technology,260.7,262.43,258.48,260.21,260.21,6225055.0
2023-09-19,TECHCO,Technology,262.95,268.01,258.88,263.93,263.93,6853890.0
2023-09-20,TECHCO,Technology,263.77,270.31,259.56,266.06,266.06,4849096.0
2023-09-21,TECHCO,Technology,262.81,266.63,257.45,261.24,261.24,7388093.0
2023-09-22,TECHCO,Technology,259.2,260.42,257.51,258.73,258.73,5186081.0
2023-09-25,TECHCO,Technology,253.35,257.21,249.57,253.43,253.43,4534734.0
2023-09-26,TECHCO,Technology,252.93,257.53,248.68,253.28,253.28,5252198.0
2023-09-27,TECHCO,Technology,259.82,262.94,255.27,258.38,258.38,6446180.0
2023-09-28,TECHCO,Technology,256.59,260.98,249.12,253.46,253.46,6748113.0
2023-09-29,TECHCO,Technology,256.68,260.64,252.28,256.22,256.22,6631318.0
2023-10-02,TECHCO,Technology,252.62,256.97,249.34,253.67,253.67,6028391.0
2023-10-03,TECHCO,Technology,249.66,252.73,246.75,249.81,249.81,5901413.0
2023-10-04,TECHCO,Technology,249.87,251.93,247.39,249.44,249.44,5576986.0
2023-10-05,TECHCO,Technology,242.16,245.77,240.85,244.45,244.45,6476839.0
2023-10-06,TECHCO,Technology,242.23,245.15,238.98,241.9,241.9,4915900.0
2023-10-09,TECHCO,Technology,236.7,238.54,234.45,236.29,236.29,7502456.0
2023-10-10,TECHCO,Technology,247.31,251.26,242.07,246.0,246.0,5958614.0
2023-10-11,TECHCO,Technology,247.54,251.98,241.93,246.34,246.34,5175576.0
2023-10-12,TECHCO,Technology,243.16,246.63,239.58,243.05,243.05,6640592.0
2023-10-13,TECHCO,Technology,245.75,246.82,243.2,244.27,244.27,5497012.0
2023-10-16,TECHCO,Technology,245.86,247.67,242.09,243.88,243.88,5144080.0
2023-10-17,TECHCO,Technology,242.98,244.11,241.83,242.96,242.96,5467262.0
2023-10-18,TECHCO,Technology,246.56,249.71,243.01,246.15,246.15,5253252.0
2023-10-19,TECHCO,Technology,248.34,253.72,244.74,250.1,250.1,6805358.0
2023-10-20,TECHCO,Technology,246.17,251.79,242.01,247.61,247.61,4250843.0
2023-10-23,TECHCO,Technology,244.09,247.26,241.76,244.92,244.92,4063188.0
2023-10-24,TECHCO,Technology,243.29,247.75,239.27,243.72,243.72,4200897.0
2023-10-25,TECHCO,Technology,231.81,236.59,228.06,232.83,232.83,7790055.0
2023-10-26,TECHCO,Technology,225.94,227.73,224.19,225.98,225.98,6576833.0
2023-10-27,TECHCO,Technology,232.06,236.17,228.34,232.45,232.45,7592081.0
2023-10-30,TECHCO,Technology,241.47,243.56,238.37,240.44,240.44,6347918.0
2023-10-31,TECHCO,Technology,238.94,241.18,237.16,239.4,239.4,4740928.0
2023-11-01,TECHCO,Technology,240.14,245.45,237.09,242.36,242.36,3763351.0
2023-11-02,TECHCO,Technology,244.17,246.11,242.11,244.05,244.05,4689870.0
2023-11-03,TECHCO,Technology,259.84,263.09,256.6,259.85,259.85,9350973.0
2023-11-06,TECHCO,Technology,265.04,269.19,261.82,265.96,265.96,4284135.0
2023-11-07,TECHCO,Technology,265.55,268.59,262.41,265.45,265.45,4013347.0
2023-11-08,TECHCO,Technology,259.44,262.83,257.18,260.56,260.56,4747893.0
2023-11-09,TECHCO,Technology,252.76,255.6,249.59,252.43,252.43,4832127.0
2023-11-10,TECHCO,Technology,256.31,259.37,250.61,253.64,253.64,4752958.0
2023-11-13,TECHCO,Technology,248.16,252.76,245.38,249.97,249.97,4434735.0
2023-11-14,TECHCO,Technology,242.56,245.41,240.22,243.06,243.06,7339708.0
2023-11-15,TECHCO,Technology,239.43,240.85,238.66,240.08,240.08,6443141.0
2023-11-16,TECHCO,Technology,234.65,237.83,231.88,235.06,235.06,6093413.0
2023-11-17,TECHCO,Technology,244.34,245.69,242.01,243.35,243.35,8750960.0
2023-11-20,TECHCO,Technology,248.42,251.56,244.75,247.88,247.88,5553327.0
2023-11-21,TECHCO,Technology,248.85,252.43,244.44,248.01,248.01,4562721.0
2023-11-22,TECHCO,Technology,255.72,258.41,253.0,255.69,255.69,8429181.0
2023-11-23,TECHCO,Technology,254.9,259.11,252.07,256.26,256.26,3894454.0
2023-11-24,TECHCO,Technology,250.89,256.37,246.56,252.02,252.02,7120231.0
2023-11-27,TECHCO,Technology,260.83,264.92,255.96,260.05,260.05,4770244.0
2023-11-28,TECHCO,Technology,263.25,267.65,258.67,263.07,263.07,5095427.0
2023-11-29,TECHCO,Technology,259.09,263.03,253.87,257.8,257.8,4355371.0
2023-11-30,TECHCO,Technology,257.28,258.47,255.79,256.98,256.98,5353103.0
2023-12-01,TECHCO,Technology,251.46,253.98,250.14,252.65,252.65,6013347.0
2023-12-04,TECHCO,Technology,245.36,248.55,242.68,245.87,245.87,7137711.0
2023-12-05,TECHCO,Technology,251.24,252.92,249.0,250.67,250.67,5347240.0
2023-12-06,TECHCO,Technology,261.43,264.08,258.04,260.68,260.68,6525370.0
2023-12-07,TECHCO,Technology,254.48,256.74,251.35,253.61,253.61,4633954.0
2023-12-08,TECHCO,Technology,255.6,259.56,252.72,256.67,256.67,4820168.0
2023-12-11,TECHCO,Technology,252.28,257.1,248.7,253.5,253.5,6710389.0
2023-12-12,TECHCO,Technology,251.0,254.64,247.55,251.19,251.19,4741071.0
2023-12-13,TECHCO,Technology,249.81,252.51,245.69,248.38,248.38,6300907.0
2023-12-14,TECHCO,Technology,243.57,248.0,239.84,244.25,244.25,6786415.0
2023-12-15,TECHCO,Technology,245.1,247.42,242.34,244.65,244.65,4252980.0
2023-12-18,TECHCO,Technology,241.19,245.16,236.79,240.75,240.75,6026659.0
2023-12-19,TECHCO,Technology,242.97,243.95,241.24,242.23,242.23,3712930.0
2023-12-20,TECHCO,Technology,243.76,247.98,237.95,242.15,242.15,3441536.0
2023-12-21,TECHCO,Technology,242.65,245.76,238.05,241.14,241.14,3479806.0
2023-12-22,TECHCO,Technology,236.37,238.99,234.31,236.93,236.93,5966841.0
2023-12-25,TECHCO,Technology,232.38,235.75,231.0,234.35,234.35,5002277.0
2023-12-26,TECHCO,Technology,237.46,240.53,235.04,238.1,238.1,5714909.0
2023-12-27,TECHCO,Technology,240.75,242.18,239.26,240.68,240.68,5279673.0
2023-12-28,TECHCO,Technology,235.8,237.44,234.51,236.14,236.14,5266939.0
2023-12-29,TECHCO,Technology,238.64,241.57,233.87,236.78,236.78,5169421.0
2024-01-01,TECHCO,Technology,240.57,243.18,237.94,240.55,240.55,6410199.0
2024-01-02,TECHCO,Technology,233.35,236.4,229.71,232.75,232.75,4785359.0
2024-01-03,TECHCO,Technology,235.67,239.66,231.48,235.47,235.47,4344926.0
2024-01-04,TECHCO,Technology,232.18,235.05,229.63,232.5,232.5,6037265.0
2024-01-05,TECHCO,Technology,233.53,238.1,230.8,235.35,235.35,4946273.0
2024-01-08,TECHCO,Technology,231.83,232.91,230.83,231.91,231.91,6026364.0
2024-01-09,TECHCO,Technology,226.68,229.8,220.69,223.77,223.77,6304587.0
2024-01-10,TECHCO,Technology,215.62,218.64,213.68,216.69,216.69,6254135.0
2024-01-11,TECHCO,Technology,215.47,220.88,211.67,217.05,217.05,3659922.0
2024-01-12,TECHCO,Technology,220.03,223.4,214.98,218.34,218.34,4179674.0
2024-01-15,TECHCO,Technology,215.17,217.5,212.21,214.53,214.53,6045362.0
2024-01-16,TECHCO,Technology,217.62,218.68,216.41,217.46,217.46,5182003.0
2024-01-17,TECHCO,Technology,211.59,214.95,207.09,210.44,210.44,7849867.0
2024-01-18,TECHCO,Technology,209.6,213.45,206.46,210.3,210.3,5496507.0
2024-01-19,TECHCO,Technology,205.28,206.55,204.09,205.36,205.36,6263736.0
2024-01-22,TECHCO,Technology,203.59,205.11,201.31,202.82,202.82,6164745.0
2024-01-23,TECHCO,Technology,204.86,207.92,200.12,203.15,203.15,4068422.0
2024-01-24,TECHCO,Technology,198.86,200.94,197.71,199.79,199.79,5338115.0
2024-01-25,TECHCO,Technology,199.4,202.74,195.05,198.38,198.38,5605646.0
2024-01-26,TECHCO,Technology,202.89,204.79,200.68,202.58,202.58,5487312.0
2024-01-29,TECHCO,Technology,200.5,201.37,199.51,200.37,200.37,5512604.0
2024-01-30,TECHCO,Technology,203.91,207.02,200.8,203.91,203.91,4593219.0
2024-01-31,TECHCO,Technology,198.35,201.17,196.65,199.46,199.46,6357091.0
2024-02-01,TECHCO,Technology,202.51,204.72,199.53,201.73,201.73,6391879.0
2024-02-02,TECHCO,Technology,207.17,208.79,206.2,207.82,207.82,7895973.0
2024-02-05,TECHCO,Technology,197.0,198.45,196.4,197.85,197.85,8948575.0
2024-02-06,TECHCO,Technology,195.52,197.98,192.38,194.83,194.83,6353925.0
2024-02-07,TECHCO,Technology,197.86,199.99,195.13,197.24,197.24,5500770.0
2024-02-08,TECHCO,Technology,196.63,198.97,194.23,196.57,196.57,4963113.0
2024-02-09,TECHCO,Technology,199.03,202.0,195.22,198.18,198.18,3931491.0
2024-02-12,TECHCO,Technology,197.03,199.53,193.42,195.91,195.91,5094266.0
2024-02-13,TECHCO,Technology,197.41,198.52,195.28,196.38,196.38,4517198.0
2024-02-14,TECHCO,Technology,195.48,197.55,193.84,195.9,195.9,5940229.0
2024-02-15,TECHCO,Technology,201.51,204.86,197.37,200.7,200.7,5851468.0
2024-02-16,TECHCO,Technology,202.04,204.98,198.93,201.87,201.87,5026225.0
2024-02-19,TECHCO,Technology,204.79,207.11,201.07,203.38,203.38,5093570.0
2024-02-20,TECHCO,Technology,201.73,203.21,200.36,201.83,201.83,5419372.0
2024-02-21,TECHCO,Technology,199.71,201.5,198.21,199.99,199.99,5873526.0
2024-02-22,TECHCO,Technology,197.9,201.16,195.14,198.39,198.39,4205780.0
2024-02-23,TECHCO,Technology,200.26,203.42,196.95,200.11,200.11,5157925.0
2024-02-26,TECHCO,Technology,198.92,201.52,195.96,198.55,198.55,6002698.0
2024-02-27,TECHCO,Technology,200.24,203.27,196.82,199.85,199.85,4820331.0
2024-02-28,TECHCO,Technology,208.82,211.84,205.5,208.53,208.53,6326374.0
2024-02-29,TECHCO,Technology,212.93,214.05,211.25,212.36,212.36,6239337.0
2024-03-01,TECHCO,Technology,194.27,196.26,192.45,194.44,194.44,12781637.0
2024-03-04,TECHCO,Technology,198.64,200.4,197.59,199.34,199.34,4536628.0
2024-03-05,TECHCO,Technology,197.08,199.13,195.79,197.84,197.84,5834097.0
2024-03-06,TECHCO,Technology,190.74,193.8,186.96,190.0,190.0,8674368.0
2024-03-07,TECHCO,Technology,186.66,188.54,184.43,186.31,186.31,5694773.0
2024-03-08,TECHCO,Technology,178.2,181.51,176.23,179.53,179.53,9074854.0
2024-03-11,TECHCO,Technology,179.17,180.18,177.37,178.38,178.38,5773195.0
2024-03-12,TECHCO,Technology,179.91,181.29,177.2,178.57,178.57,5311341.0
2024-03-13,TECHCO,Technology,184.3,186.02,183.11,184.83,184.83,7782209.0
2024-03-14,TECHCO,Technology,186.43,187.56,185.04,186.18,186.18,3935656.0
2024-03-15,TECHCO,Technology,185.13,187.81,182.8,185.48,185.48,3940004.0
2024-03-18,TECHCO,Technology,189.21,190.5,187.44,188.73,188.73,5531543.0
2024-03-19,TECHCO,Technology,179.78,182.88,177.54,180.63,180.63,6451960.0
2024-03-20,TECHCO,Technology,181.56,182.31,180.85,181.61,181.61,4609328.0
2024-03-21,TECHCO,Technology,185.3,186.25,183.63,184.58,184.58,6875037.0
2024-03-22,TECHCO,Technology,180.16,181.44,178.0,179.28,179.28,7746011.0
2024-03-25,TECHCO,Technology,183.89,186.09,181.39,183.58,183.58,6545745.0
2024-03-26,TECHCO,Technology,184.71,187.39,182.28,184.96,184.96,6068459.0
2024-03-27,TECHCO,Technology,182.37,185.31,180.61,183.54,183.54,5866609.0
2024-03-28,TECHCO,Technology,185.46,187.83,183.66,186.02,186.02,5161015.0
2024-03-29,TECHCO,Technology,194.5,197.57,191.8,194.87,194.87,6195786.0
2024-04-01,TECHCO,Technology,195.17,196.35,194.54,195.71,195.71,4824407.0
2024-04-02,TECHCO,Technology,196.87,198.47,195.23,196.83,196.83,5564058.0
2024-04-03,TECHCO,Technology,194.88,198.13,191.9,195.14,195.14,4879878.0
2024-04-04,TECHCO,Technology,192.09,194.4,189.64,191.96,191.96,6171900.0
2024-04-05,TECHCO,Technology,196.27,197.85,193.75,195.33,195.33,4278506.0
2024-04-08,TECHCO,Technology,191.8,195.3,188.62,192.11,192.11,
2024-04-09,TECHCO,Technology,191.46,195.33,188.66,192.52,192.52,5503837.0
2024-04-10,TECHCO,Technology,190.27,192.13,188.94,190.8,190.8,5731228.0
2024-04-11,TECHCO,Technology,193.23,195.68,190.34,192.78,192.78,6637718.0
2024-04-12,TECHCO,Technology,194.74,197.07,191.9,194.22,194.22,5966350.0
2024-04-15,TECHCO,Technology,198.78,200.57,196.66,198.45,198.45,7365384.0
2024-04-16,TECHCO,Technology,197.58,199.26,194.88,196.55,196.55,6480730.0
2024-04-17,TECHCO,Technology,195.47,197.21,193.88,195.62,195.62,5684790.0
2024-04-18,TECHCO,Technology,193.5,195.87,189.57,191.93,191.93,6393988.0
2024-04-19,TECHCO,Technology,190.97,192.81,188.51,190.34,190.34,3554283.0
2024-04-22,TECHCO,Technology,189.99,194.89,187.05,191.92,191.92,4943939.0
2024-04-23,TECHCO,Technology,196.41,198.97,192.46,195.01,195.01,5794226.0
2024-04-24,TECHCO,Technology,190.95,192.32,190.18,191.54,191.54,5038989.0
2024-04-25,TECHCO,Technology,194.25,197.52,191.81,195.06,195.06,5084453.0
2024-04-26,TECHCO,Technology,201.02,202.44,199.18,200.6,200.6,8110129.0
2024-04-29,TECHCO,Technology,201.01,204.82,198.62,202.41,202.41,6293811.0
2024-04-30,TECHCO,Technology,209.77,213.14,207.0,210.36,210.36,8511513.0
2024-05-01,TECHCO,Technology,208.53,209.88,205.9,207.24,207.24,5195083.0
2024-05-02,TECHCO,Technology,202.69,204.69,200.25,202.24,202.24,4361099.0
2024-05-03,TECHCO,Technology,195.88,197.03,194.11,195.25,195.25,5166012.0
2024-05-06,TECHCO,Technology,200.83,202.12,200.07,201.36,201.36,5800949.0
2024-05-07,TECHCO,Technology,202.92,205.94,201.16,204.17,204.17,3844931.0
2024-05-08,TECHCO,Technology,204.66,206.39,202.36,204.08,204.08,3212278.0
2024-05-09,TECHCO,Technology,206.14,209.83,201.69,205.37,205.37,6145052.0
2024-05-10,TECHCO,Technology,201.61,203.57,198.95,200.9,200.9,6733378.0
2024-05-13,TECHCO,Technology,211.37,213.06,209.5,211.2,211.2,6885146.0
2024-05-14,TECHCO,Technology,211.07,214.37,208.6,211.89,211.89,3673733.0
2024-05-15,TECHCO,Technology,214.57,215.5,211.58,212.5,212.5,4718276.0
2024-05-16,TECHCO,Technology,216.19,219.96,212.01,215.77,215.77,3878336.0
2024-05-17,TECHCO,Technology,217.87,220.75,215.14,218.02,218.02,6551424.0
2024-05-20,TECHCO,Technology,219.01,222.29,215.87,219.16,219.16,4593048.0
2024-05-21,TECHCO,Technology,215.96,217.16,214.64,215.84,215.84,5204597.0
2024-05-22,TECHCO,Technology,218.98,220.98,216.05,218.04,218.04,4834515.0
2024-05-23,TECHCO,Technology,226.8,228.92,224.51,226.63,226.63,5223814.0
2024-05-24,TECHCO,Technology,233.81,237.4,229.44,233.01,233.01,6865030.0
2024-05-27,TECHCO,Technology,240.92,241.65,240.05,240.78,240.78,7597282.0
2024-05-28,TECHCO,Technology,238.36,240.26,236.57,238.47,238.47,5688145.0
2024-05-29,TECHCO,Technology,234.52,238.67,229.77,233.92,233.92,4544695.0
2024-05-30,TECHCO,Technology,234.04,236.41,231.12,233.48,233.48,4836403.0
2024-05-31,TECHCO,Technology,233.74,235.94,231.7,233.9,233.9,4805147.0
2024-06-03,TECHCO,Technology,238.56,240.42,237.41,239.28,239.28,7333862.0
2024-06-04,TECHCO,Technology,231.72,235.8,227.33,231.4,231.4,6291957.0
2024-06-05,TECHCO,Technology,238.89,239.67,238.02,238.81,238.81,6074229.0
2024-06-06,TECHCO,Technology,237.68,241.56,234.34,238.21,238.21,4993347.0
2024-06-07,TECHCO,Technology,235.53,239.76,232.11,236.33,236.33,5430466.0
2024-06-10,TECHCO,Technology,232.09,233.64,230.17,231.71,231.71,5727386.0
2024-06-11,TECHCO,Technology,224.75,227.69,221.33,224.26,224.26,6501186.0
2024-06-12,TECHCO,Technology,227.83,229.17,226.83,228.16,228.16,5625550.0
2024-06-13,TECHCO,Technology,228.12,230.22,226.56,228.65,228.65,5641116.0
2024-06-14,TECHCO,Technology,222.19,226.24,218.9,222.93,222.93,6075981.0
2024-06-17,TECHCO,Technology,217.67,221.14,213.86,217.34,217.34,7872010.0
2024-06-18,TECHCO,Technology,215.32,218.63,212.71,216.01,216.01,4916112.0
2024-06-19,TECHCO,Technology,225.56,227.95,221.18,223.55,223.55,8588364.0
2024-06-20,TECHCO,Technology,222.17,223.74,220.97,222.54,222.54,5758898.0
2024-06-21,TECHCO,Technology,213.94,216.89,213.1,216.04,216.04,5980509.0
2024-06-24,TECHCO,Technology,215.09,216.14,214.07,215.12,215.12,5824619.0
2024-06-25,TECHCO,Technology,214.02,215.45,212.65,214.08,214.08,3690929.0
2024-06-26,TECHCO,Technology,203.79,205.45,201.24,202.89,202.89,10302564.0
2024-06-27,TECHCO,Technology,203.04,204.81,201.04,202.8,202.8,4877812.0
2024-06-28,TECHCO,Technology,201.32,203.65,199.67,202.0,202.0,3488215.0
2024-07-01,TECHCO,Technology,204.75,206.34,203.4,204.99,204.99,5949593.0
2024-07-02,TECHCO,Technology,213.19,215.46,210.65,212.91,212.91,8992839.0
2024-07-03,TECHCO,Technology,216.06,221.3,212.74,217.95,217.95,4487769.0
2024-07-04,TECHCO,Technology,218.08,219.65,215.36,216.92,216.92,4970899.0
2024-07-05,TECHCO,Technology,211.57,215.91,207.94,212.28,212.28,6852832.0
2024-07-08,TECHCO,Technology,225.0,228.62,220.13,223.73,223.73,9419508.0
2024-07-09,TECHCO,Technology,224.5,225.71,222.93,224.14,224.14,4378827.0
2024-07-10,TECHCO,Technology,224.92,228.25,221.04,224.36,224.36,3747427.0
2024-07-11,TECHCO,Technology,225.43,228.05,221.79,224.4,224.4,3267576.0
2024-07-12,TECHCO,Technology,225.96,228.56,222.86,225.45,225.45,5035456.0
2024-07-15,TECHCO,Technology,225.55,227.55,222.95,224.94,224.94,4512048.0
2024-07-16,TECHCO,Technology,222.36,224.85,220.02,222.51,222.51,6638406.0
2024-07-17,TECHCO,Technology,220.54,222.52,218.24,220.21,220.21,3824226.0
2024-07-18,TECHCO,Technology,219.7,222.66,217.26,220.22,220.22,4992527.0
2024-07-19,TECHCO,Technology,217.66,220.67,214.96,217.96,217.96,3709805.0
2024-07-22,TECHCO,Technology,216.69,219.53,212.18,215.0,215.0,4352776.0
2024-07-23,TECHCO,Technology,214.91,217.97,212.55,215.6,215.6,4551155.0
2024-07-24,TECHCO,Technology,214.77,217.74,211.68,214.64,214.64,4664185.0
2024-07-25,TECHCO,Technology,221.5,222.63,220.26,221.4,221.4,7277681.0
2024-07-26,TECHCO,Technology,209.76,211.32,208.46,210.02,210.02,10147531.0
2024-07-29,TECHCO,Technology,215.28,218.56,211.55,214.83,214.83,6503382.0
2024-07-30,TECHCO,Technology,220.97,222.7,218.72,220.45,220.45,7896795.0
2024-07-31,TECHCO,Technology,210.78,212.27,210.08,211.56,211.56,8997306.0
2024-08-01,TECHCO,Technology,210.33,211.45,209.13,210.25,210.25,5162892.0
2024-08-02,TECHCO,Technology,207.92,210.15,206.59,208.82,208.82,5945054.0
2024-08-05,TECHCO,Technology,203.75,207.29,199.59,203.11,203.11,6931092.0
2024-08-06,TECHCO,Technology,200.23,202.55,197.77,200.09,200.09,4117542.0
2024-08-07,TECHCO,Technology,195.85,199.18,192.46,195.79,195.79,6833386.0
2024-08-08,TECHCO,Technology,203.5,205.87,200.6,202.96,202.96,5203404.0
2024-08-09,TECHCO,Technology,206.74,209.08,204.63,206.97,206.97,6122554.0
2024-08-12,TECHCO,Technology,213.26,214.9,210.85,212.48,212.48,7000129.0
2024-08-13,TECHCO,Technology,214.92,218.35,212.32,215.74,215.74,4076740.0
2024-08-14,TECHCO,Technology,212.22,213.3,209.95,211.03,211.03,5028448.0
2024-08-15,TECHCO,Technology,208.49,212.39,205.05,208.95,208.95,6450354.0
2024-08-16,TECHCO,Technology,209.73,214.42,206.49,211.16,211.16,5561017.0
2024-08-19,TECHCO,Technology,205.89,207.76,204.29,206.16,206.16,5193865.0
2024-08-20,TECHCO,Technology,208.92,212.9,205.3,209.29,209.29,6127154.0
2024-08-21,TECHCO,Technology,208.13,211.62,204.93,208.41,208.41,5051208.0
2024-08-22,TECHCO,Technology,207.18,209.87,204.29,206.98,206.98,4962386.0
2024-08-23,TECHCO,Technology,211.03,212.05,209.1,210.11,210.11,7065500.0
2024-08-26,TECHCO,Technology,211.98,214.3,209.83,212.14,212.14,5703084.0
2024-08-27,TECHCO,Technology,210.16,212.98,207.94,210.75,210.75,4569653.0
2024-08-28,TECHCO,Technology,214.9,217.28,213.51,215.88,215.88,7189586.0
2024-08-29,TECHCO,Technology,210.97,212.25,210.08,211.36,211.36,7298983.0
2024-08-30,TECHCO,Technology,212.53,217.28,209.42,214.15,214.15,4161009.0
2024-09-02,TECHCO,Technology,216.24,217.92,215.19,216.87,216.87,4378527.0
2024-09-03,TECHCO,Technology,216.74,219.32,213.09,215.66,215.66,4039557.0
2024-09-04,TECHCO,Technology,216.52,220.93,212.83,217.23,217.23,5549637.0
2024-09-05,TECHCO,Technology,212.5,215.93,208.54,211.96,211.96,6548086.0
2024-09-06,TECHCO,Technology,215.03,217.64,213.49,216.09,216.09,6192538.0
2024-09-09,TECHCO,Technology,216.96,220.38,212.04,215.43,215.43,5941019.0
2024-09-10,TECHCO,Technology,214.89,215.53,212.68,213.32,213.32,6014551.0
2024-09-11,TECHCO,Technology,218.54,219.25,217.31,218.02,218.02,4618776.0
2024-09-12,TECHCO,Technology,216.81,219.42,212.5,215.09,215.09,4914898.0
2024-09-13,TECHCO,Technology,209.51,211.29,207.44,209.21,209.21,6138658.0
2024-09-16,TECHCO,Technology,203.51,205.3,201.1,202.89,202.89,6181852.0
2024-09-17,TECHCO,Technology,206.55,208.92,203.16,205.52,205.52,5898789.0
2024-09-18,TECHCO,Technology,200.56,201.74,199.24,200.41,200.41,7667291.0
2024-09-19,TECHCO,Technology,206.48,209.05,205.2,207.77,207.77,6077192.0
2024-09-20,TECHCO,Technology,199.99,202.05,197.32,199.36,199.36,7561356.0
2024-09-23,TECHCO,Technology,206.05,209.39,203.1,206.44,206.44,7982015.0
2024-09-24,TECHCO,Technology,207.13,210.01,204.58,207.46,207.46,4580609.0
2024-09-25,TECHCO,Technology,207.44,208.99,205.65,207.19,207.19,3666709.0
2024-09-26,TECHCO,Technology,205.53,207.47,203.13,205.07,205.07,5112723.0
2024-09-27,TECHCO,Technology,206.98,208.14,205.71,206.86,206.86,3722004.0
2024-09-30,TECHCO,Technology,207.37,208.22,205.99,206.84,206.84,5692033.0
2024-10-01,TECHCO,Technology,211.04,214.76,207.93,211.64,211.64,4482992.0
2024-10-02,TECHCO,Technology,212.23,213.75,210.75,212.27,212.27,4518849.0
2024-10-03,TECHCO,Technology,213.78,214.99,211.84,213.05,213.05,4825944.0
2024-10-04,TECHCO,Technology,213.14,215.99,208.81,211.64,211.64,6381501.0
2024-10-07,TECHCO,Technology,213.34,215.95,208.94,211.54,211.54,3617720.0
2024-10-08,TECHCO,Technology,213.36,216.03,210.33,213.0,213.0,3807742.0
2024-10-09,TECHCO,Technology,206.61,207.94,204.59,205.92,205.92,4801742.0
2024-10-10,TECHCO,Technology,202.12,203.43,199.23,200.53,200.53,4999718.0
2024-10-11,TECHCO,Technology,203.15,204.98,201.86,203.69,203.69,4565828.0
2024-10-14,TECHCO,Technology,205.05,206.2,203.39,204.53,204.53,5142394.0
2024-10-15,TECHCO,Technology,204.54,207.16,201.3,203.91,203.91,3907241.0
2024-10-16,TECHCO,Technology,205.31,208.53,200.92,204.12,204.12,3249751.0
2024-10-17,TECHCO,Technology,204.76,208.55,201.92,205.7,205.7,5988692.0
2024-10-18,TECHCO,Technology,202.84,206.64,199.82,203.61,203.61,4765633.0
2024-10-21,TECHCO,Technology,200.59,202.41,198.75,200.57,200.57,5027948.0
2024-10-22,TECHCO,Technology,201.81,204.39,198.92,201.5,201.5,4233387.0
2024-10-23,TECHCO,Technology,198.59,200.24,196.06,197.7,197.7,7439137.0
2024-10-24,TECHCO,Technology,199.88,202.05,197.3,199.47,199.47,4081824.0
2024-10-25,TECHCO,Technology,192.75,194.84,190.78,192.87,192.87,8422539.0
2024-10-28,TECHCO,Technology,197.37,198.48,195.93,197.04,197.04,6902974.0
2024-10-29,TECHCO,Technology,199.3,201.05,197.31,199.06,199.06,3860481.0
2024-10-30,TECHCO,Technology,201.62,205.14,196.73,200.22,200.22,6310145.0
2024-10-31,TECHCO,Technology,204.5,205.88,202.99,204.37,204.37,5054394.0
2024-11-01,TECHCO,Technology,211.16,212.54,210.1,211.49,211.49,5132149.0
2024-11-04,TECHCO,Technology,216.39,218.4,214.0,216.0,216.0,7065941.0
2024-11-05,TECHCO,Technology,208.44,211.53,205.18,208.27,208.27,7859836.0
2024-11-06,TECHCO,Technology,201.83,205.49,199.46,203.1,203.1,6642971.0
2024-11-07,TECHCO,Technology,200.68,203.35,198.03,200.7,200.7,4206397.0
2024-11-08,TECHCO,Technology,200.85,202.11,199.68,200.94,200.94,4513646.0
2024-11-11,TECHCO,Technology,202.74,205.67,200.25,203.18,203.18,6117680.0
2024-11-12,TECHCO,Technology,201.19,202.77,198.79,200.36,200.36,4798454.0
2024-11-13,TECHCO,Technology,200.62,204.38,197.51,201.25,201.25,4249040.0
2024-11-14,TECHCO,Technology,198.71,201.18,195.88,198.34,198.34,3846457.0
2024-11-15,TECHCO,Technology,195.93,197.22,194.76,196.05,196.05,4249770.0
2024-11-18,TECHCO,Technology,190.77,191.53,189.94,190.69,190.69,7821584.0
2024-11-19,TECHCO,Technology,187.61,188.29,186.62,187.3,187.3,5512266.0
2024-11-20,TECHCO,Technology,181.44,183.95,179.88,182.39,182.39,8139403.0
2024-11-21,TECHCO,Technology,179.09,180.35,177.71,178.96,178.96,5422761.0
2024-11-22,TECHCO,Technology,184.6,186.94,180.6,182.92,182.92,6720867.0
2024-11-25,TECHCO,Technology,178.45,181.46,176.58,179.57,179.57,4995971.0
2024-11-26,TECHCO,Technology,189.44,190.81,188.12,189.49,189.49,7362109.0
2024-11-27,TECHCO,Technology,192.37,193.38,190.51,191.51,191.51,4237947.0
2024-11-28,TECHCO,Technology,192.58,193.53,191.41,192.35,192.35,4348335.0
2024-11-29,TECHCO,Technology,189.7,192.73,186.16,189.18,189.18,5781602.0
2024-12-02,TECHCO,Technology,190.17,193.27,188.91,192.0,192.0,7098433.0
2024-12-03,TECHCO,Technology,190.36,192.8,187.48,189.91,189.91,5748459.0
2024-12-04,TECHCO,Technology,189.92,193.39,187.04,190.5,190.5,3854043.0
2024-12-05,TECHCO,Technology,200.98,203.43,198.28,200.73,200.73,5760637.0
2024-12-06,TECHCO,Technology,200.45,203.66,197.26,200.47,200.47,3551298.0
2024-12-09,TECHCO,Technology,207.18,209.02,203.49,205.31,205.31,6307481.0
2024-12-10,TECHCO,Technology,203.0,206.52,199.04,202.56,202.56,6268707.0
2024-12-11,TECHCO,Technology,202.46,203.56,201.45,202.55,202.55,5682187.0
2024-12-12,TECHCO,Technology,208.78,211.0,207.84,210.05,210.05,4894437.0
2024-12-13,TECHCO,Technology,207.65,210.33,204.88,207.55,207.55,5375854.0
2024-12-16,TECHCO,Technology,216.13,219.83,211.73,215.42,215.42,6831482.0
2024-12-17,TECHCO,Technology,218.59,221.97,215.28,218.66,218.66,
2024-12-18,TECHCO,Technology,215.9,217.24,215.01,216.34,216.34,5401239.0
2024-12-19,TECHCO,Technology,218.76,220.84,217.19,219.26,219.26,5995114.0
2024-12-20,TECHCO,Technology,224.23,228.03,219.96,223.75,223.75,6398855.0
2024-12-23,TECHCO,Technology,227.42,228.96,225.19,226.73,226.73,4140634.0
2024-12-24,TECHCO,Technology,221.01,224.26,216.58,219.81,219.81,7801606.0
2024-12-25,TECHCO,Technology,215.89,220.09,212.58,216.76,216.76,4211212.0
2024-12-26,TECHCO,Technology,216.28,218.53,213.57,215.82,215.82,5353654.0
2024-12-27,TECHCO,Technology,215.54,217.54,213.64,215.64,215.64,4319280.0
2024-12-30,TECHCO,Technology,218.42,220.64,216.29,218.51,218.51,5419141.0
2024-12-31,TECHCO,Technology,219.79,221.2,218.03,219.44,219.44,5934192.0
